(hujan) gerimis,1
(warna) dadu,3
aamiin,2
ab,3
aba,2
abadi,4
abah,3
abi,2
abid,3
abis,1
absorpsi,3
absurd,3
abu,3
acuh tak acuh,4
ada,4
adab,3
adakala,3
adaptasi,2
adek,1
adi,2
adika,5
adil,4
adiluhung,3
administrator,3
aduh,1
aduhai,4
adzan,3
afair,3
afdal,3
afeksi,2
afiliasi,2
afirmasi,3
agam,5
Ahad,3
ahli agama,1
aib,1
aja,1
ajak,1
ajakan,1
ajal,3
ajar,1
aji,4
ajojing,3
ajudan,4
akar,2
akas,2
akhlak,4
akibat,1
akidah,3
akil,4
akomodasi,3
akrab,3
akses,2
aksi,2
aktif,2
aktivasi,2
aktual,4
aku,2
akuan,3
alaikum,2
alam,2
alamiah,2
alangkah,4
album,3
alhamdulilah,3
alhamdulillah,5
aliansi,1
alih generasi,4
alim,2
alim arif,4
allah,5
alot,1
amal,4
amalan,4
amanah,5
amat,4
ambilan,3
ambisi,4
amerta,3
amin,3
amor,2
ampas (kopi),3
amplop,3
ampun,1
amuk,1
ana,2
anak Adam,3
anak didik,3
anak sasian,3
anak sekolah,3
anakan,5
analisis,4
andai,2
andal,5
andil,4
andini,2
andur,3
aneh,4
aneka,3
anekdot,2
angan,3
angan-angan,4
anggapan,3
anggar,3
angguk,1
angkat,3
angkut,1
angpau,4
angsur,1
animo,4
anjir,1
anjung,4
ansar,4
anteng,4
antipati,2
antisipasi,3
antologi,1
antusias,2
antusiasme,3
anugerah,3
anut,2
anyar,4
apas,5
apatis,1
api,4
arabika,2
arah,1
arak,2
arif,4
arketipe,3
arsitektur,2
arti,1
artian,3
artifisial,3
artis,2
artistik,4
arung,1
asa,3
asah asih asuh,2
asasi,3
asih,3
asik,4
asket,2
asketisme,2
asli,2
asmara,2
asoi,3
asosiasi,3
asrama,3
asri,4
assalamualaikum,3
astaga,3
astagfirullah,3
asuh,3
atasan,3
atensi,2
atom,3
atraktif,4
atur,4
autentik,3
awal,2
awas,4
awat,5
awet,4
aya,3
ayahanda,1
ayo,4
ayun,1
ayunan,3
azamat,4
azimat,1
aziz,2
babaran,3
babe,3
baby,2
baca,3
bacot,3
bagak,5
bagas,5
bagi,2
baginda,2
bagus,2
bagusan,2
bahadur,5
bahaduri,4
bahagia,4
bahas,2
bahasan,1
baik,3
baik-baik,3
baiklah,2
baiknya,1
bain,3
bajik,4
bajing,1
baju,2
bakar,1
bakat,4
bakh,4
bakir,4
baksis,2
bakti,4
baku,1
balas,1
balasan,3
banding,3
bangan,2
banget,1
bangga,3
bangkit,2
bangkit selera,3
bangsawan,2
banjir,4
bantah-bantah,5
bantalan,3
banting,1
bantu,3
bantuin,3
banyak,3
banyak akal,3
banyaknya,3
banyolan,3
bapa,3
bapanda,3
bapang,3
baper,1
bara,2
bareng,3
baring,2
batas (waktu),3
batasan,3
batu,2
bau tanah,1
bausuku,3
bawa,1
bawaan,3
bayang,2
bayangan,3
bayang-bayang,3
bayangkara,3
bayar,1
beber,3
bebodoran,2
becus,1
bedah,3
bedegap,3
bekal,3
bekas,4
belagu,4
belajar,3
belanja,2
belas,2
beli,2
belok,3
belom,1
belukar,3
benak kepala,3
benang raja,4
benar,2
benar-benar,2
benci,4
bener,3
beneran,3
bentang,1
bentuk,4
bentukan,3
bentur,1
bepergian,1
berada,4
berahi,5
berakal,4
berakar,2
berakibat,3
berakidah,4
beralas,4
beranak,3
beranak-pinak,2
beranda,1
beraras,4
berarti,1
beraturan,4
berbagai,3
berbagai macam,3
berbagi,2
berbahagia,4
berbakat,4
berbenak,3
berbentuk,3
berbetulan,3
berbobot,2
berbuah,2
berbudi pekerti yang baik,3
berbunga,3
berbusana,4
bercahaya,4
bercermin,4
bercita rasa,3
bercokol,3
berdagang,3
berdandan,4
berdansa,3
berdarah,4
berdaya,3
berdaya guna,4
berdendang,4
berdenyut,2
berderajat,4
berdiam,4
berdisiplin,4
berdoa,4
berdua,1
berduit,4
beredar,2
berembuk,3
berfaedah,4
bergairah,3
bergamat,4
bergantung,4
bergas,5
bergelanggang,2
bergelora,2
bergema,1
bergeming,1
bergengsi,4
bergetar,1
bergigi,3
bergolongan,4
berguna,5
berguru,3
berhajat,2
berharap,4
berharga,3
berharta,4
berhasil,3
berhasrat,3
berhati-hati,3
berhikmah,2
beri,2
beribadat,4
berikhtiar,3
beriktikad,2
berilmu,4
beriman,3
berimbas,3
berimbuh,1
berirama,4
beristirahat,3
berjaga-jaga,1
berjasa,4
berjatuhan,1
berjaya,4
berjenis-jenis,3
berjihad,3
berjilbab,3
berjiwa,3
berjunjungan,4
berkaca,4
berkah,4
berkait,3
berkaitan,3
berkandung,5
berkarya,3
berkat,1
berkategori,4
berkawal,4
berkecambah,3
berkecukupan,4
berkedudukan,4
berkegiatan,4
berkeinginan,3
berkekuatan,5
berkeluarga,2
berkenaan,4
berkenan,2
berkepercayaan,4
berkeras hati,4
berkesesuaian,3
berketurunan,2
berkeyakinan,3
berkhasiat,4
berkinte,3
berkobar-kobar,4
berkualitas,4
berkuasa,4
berkuat,3
berkukuh,2
berlaba,4
berlabuh,3
berlagak,4
berlagu,4
berlangganan,2
berlanglang,4
berlarasan,3
berlatih,4
berlebih,1
berlevel,4
berlezat,2
berlibat,3
berlilit,3
berlimpah,1
bermacam-macam,3
bermakna,4
bermanfaat,5
bermartabat,4
bermaslahat,2
bermohon,3
bermohon diri,2
bermukim,2
bermutu,3
bernafsu,3
bernama,4
bernapaskan,3
bernas,2
bernilai,2
bernyali,4
bernyali besar,3
bernyanyi,2
beroleh,3
beroperasi,1
berotak tajam,4
berpacangan,3
berpacaran,3
berpakaian,4
berpamor,3
berpandangan,1
berparade,1
berpartisipasi,3
berpasrah,3
berpatokan,4
berpatroli,4
berpaut,3
berpedoman,4
berpegang,4
berpelajaran,4
berpembawaan,1
berpendidikan,3
berpengalaman,4
berpengaruh,3
berpengetahuan,4
berperan serta,2
berperang,3
berperingkat,4
berpilin,3
berpiuh,3
berpola,4
berprakarsa,3
berprasangka,1
berproses,1
berpulas,3
berpunya,4
berputra,3
bersagang,4
bersahabat,2
bersahaja,5
bersaji,4
bersalin,3
bersama,3
bersamamu,3
bersambang,4
bersangga,4
bersanggama,5
bersangkut,1
bersauh,4
bersaur,3
bersayap,4
bersedia,1
bersekolah,3
berselawat,3
berseluk,3
bersemangat,4
bersemayam,4
bersembahyang,5
bersemi,3
bersenandung,4
bersendel,4
bersendeng,4
bersender,4
bersengat,5
berseni,4
berserah,2
berseri,4
bersesal,1
bersesuaian,3
bersetuju,3
bersiap,1
bersikukuh,1
bersila,2
bersimpati,4
bersimpuh,3
bersinar,4
bersitegang,4
bersiteguh,1
berstatus,4
bersulur,3
bersumber,4
bersungguh-sungguh,4
bersyukur,5
bertahan,4
bertakwa,4
bertambatan,3
bertanding,2
bertanduk,3
bertanya,2
bertanya-tanya,4
bertaraf,3
bertaruk,3
berteduh,3
berteguh hati,4
bertekan,1
bertekun,4
bertelinga merah,4
bertemu,2
bertenaga,5
bertenggang,3
bertepat guna,4
bertepatan,3
bertingkat,1
bertransaksi,3
bertukar akal,1
bertumpuk,4
bertunangan,3
bertunas,3
bertundangan,3
bertuntun,3
berumah tangga,2
beruntung,4
beruntutan,3
berupaya,3
berusaha,3
berwibawa,3
berwujud,2
berzikir,4
besar,4
besar akal,4
besar hati,3
besar lengan,3
besar-besaran,3
bestari,4
betapa,4
beterbangan,2
better,2
betul,2
biadab,3
biang keladi,3
bianglala,4
biar,1
biarkan,1
biasa,2
bidasan,3
biduanda,5
bijak,3
bijaksana,1
bijih,3
bikinan,3
bilas,1
bilhak,3
bimbing,3
binasa,3
bincang,2
bineka,3
binen,3
bingkis,4
bingkisan,4
birthday,4
bisikan,4
bismillah,4
bisnis,3
bisu,1
bobot,2
boleh,2
bolehan,4
bom,1
bombastis,2
bonafide,3
bonus,4
bonyok,5
booking,2
bopong,1
borong,2
bos,3
buah,2
buaian,3
buat,1
buatan,3
bubuh,4
budak,4
budi pekerti yang baik,3
budiman,4
bugar,4
bujang,4
buka,3
bukan main,4
bulang,3
bulat kata,3
bumbu,5
bumbung,3
bunda,3
bunga,3
bungkam,1
bungkusan,4
buntut,1
bunyi,2
buru,1
buruan,1
buru-buru,1
busana,2
buyung,4
cadang,2
cadangan,2
cakap,2
cakep,5
campur,5
candang,2
candrasa,3
candu,3
cantik,2
cantrik,3
cantum,4
capai,4
capaian,4
capek,4
caplok,3
care,2
cari ilmu,4
cash,2
catu,4
cawis,2
cebak,3
cedayam,2
cedok,3
cegah,2
cegak,1
cegar,4
cekat,2
cekatan,2
cekel,4
celengan,3
cemerlang,4
cempiang,3
cemplung,1
cenangkas,3
cendekia,3
cendera,4
cendera mata,4
cengang,1
cengkauan,3
cengkeram,1
cengkeraman,1
centil,2
cepat,5
cepet,5
cerapan,5
cercah,5
cerdik,5
ceri,5
ceria,5
cerita,5
cerita anak,5
ceritanya,5
cermin,5
cerminan,5
challenge,5
chat,5
check,5
cicip,5
cindur mata,5
cinta,5
cinta kasih,5
cintai,5
cintaku,5
cintamu,5
cintrong,5
ciptaan,5
cita rasa,5
citra,5
cium,5
cium telapak kaki,5
ciyeee,5
coba,5
cocok,5
coffee,5
cokol,5
colok,5
comel,5
congrats,5
cool,5
copot,5
coret,5
coretan,5
couple,5
cover,5
cuat,5
cublik,5
cucu Adam,5
cuek,5
cuma-cuma,5
cumil,5
curhat,5
curiga,5
cute,5
cuti,5
dadak,5
daftar,5
dagel,5
dagelan,5
dahsyat,5
dahulu,5
daim,5
dakaik,5
dakwa,5
dalam,5
dalang,5
damar,5
dambaan,5
damping,5
dana,5
dandan,5
dangkal,5
dansa,5
dapat,5
dapatkan,5
dapet,5
darah,5
darat,5
darurat,5
datar,5
dateng,5
daulat,5
daya cipta,5
daya gabung,5
daya guna,5
daya pikir,5
daya tahan,5
daya upaya,5
dear,5
debar,5
debat,5
debuk,5
dede,5
dedengkot,5
deduksi,5
defensif,5
definisi,5
definit,5
degap,5
degub,5
dekat,5
deket,5
dekorasi,5
delusi,5
demen,5
denda,5
dendam berahi,5
dendang,5
dengar,5
dengar pendapat,5
dengerin,5
denyut,5
dependen,5
deposito,5
derajat,5
deras,5
derauan,5
deres,5
desain,5
desak,5
desakan,5
detail,5
detailnya,5
determinasi,5
dewana,5
dewasa,5
diajak,5
dialog,5
diam,5
diamond,5
dibalas,5
dibantu,5
dibayar,5
dicoba,5
dicuekin,5
didik,5
diem,5
digdaya,5
dihati,5
dikara,5
dikasih,5
dikirim,5
dikonfirmasi,5
dikte,5
dimiliki,5
dimulai,5
dinamika,5
dingin,5
dipantau,5
diproses,5
direktur,5
disarankan,5
disayang,5
disiplin,5
diskaun,5
diskon,5
dispensasi,5
distingtif,5
distribusi,5
diterima,5
ditunggu,5
diva,5
doa,5
doain,5
doang,5
dobrak,5
dodor,5
dogmatis,5
dok,5
doktrin,5
dol,5
dominan,5
dominasi,5
donatur,5
dongeng,5
donor,5
drama ria,5
drastis,5
drum,5
dua,5
duga,5
duka,5
dukung,5
dukungan,5
duli,5
duluan,5
dunia,5
dzuhur,5
eaa,5
eco,5
edar,5
efek,5
efektif,5
efisien,5
eja,5
eka,5
ekonomis,5
eksemplar,5
eksklusif,5
eksplisit,5
eksplorasi,5
ekspres,5
ekstensif,5
ekstra,5
ekstremis,5
elegan,5
elektromotif,5
elite,5
elu,5
embel-embel,5
emir,5
emong,5
emosi,5
empuk,5
enak,5
endus,5
endut-endut,5
eneng,5
energi,5
energik,5
engah,5
enjoy,5
enteng,5
entitas,5
erang,5
erti,5
esa,5
esai,5
esok,5
estetik,5
estetis,5
eviden,5
faal,5
fadil,5
faedah,5
fair,5
faktitius,5
faktual,5
familiar,5
fanbase,5
fans,5
fantasi,5
fantasy,5
fasilitas,5
fatamorgana,5
fatanah,5
fav,5
favorite,5
federasi,5
fertil,5
fiesta,5
figur,5
fiksi,5
filantropi,5
filial,5
filsafat,5
final,5
fine,5
firasat,5
fit,5
fitrah,5
fokus,5
follback,5
fondasi,5
formal,5
formasi,5
forum,5
foto,5
free,5
friends,5
fulanah,5
fusi,5
gagah,5
gairah,5
gajak,5
gali ilmu,5
gambar,5
gambir,5
gamblang,5
game,5
gampang,5
ganduh,5
gangsar,5
gani,5
ganjar,5
ganjar balas,5
ganjaran,5
ganjaran balasan,5
ganjil,5
ganteng,5
ganti,5
ganyang,5
gapah,5
gapai,5
gapaian,5
garda,5
gari,5
garing,5
garis besar,5
gatra,5
gebyar,5
gede,5
gedembal,5
gegap,5
geger,5
gejolak,5
gelagat,5
gelak,5
gelanggang,5
gelar,5
gelebah,5
gelegak,5
geleser,5
gelesot,5
gelincir,5
gelora,5
gema,5
gemar,5
gemas,5
gembira,5
gembur,5
gemi,5
geming,5
gemirang,5
gempa,5
gempa bumi,5
gempar,5
gempita,5
genah,5
gending,5
gengsi,5
genial,5
genit,5
genius,5
gentar,5
gentas,5
gepok,5
gerak gerik,5
gerak hati,5
gerak laku,5
gerakan,5
gerak-gerik,5
gerha,5
gerimis,5
gesek,5
geser,5
getar,5
getaran,5
getas,5
getol,5
gigil,5
gila,5
gila-gilaan,5
giliran,5
girang,5
girik,5
girik-girik,5
gita,5
globe,5
gobek,5
goda,5
gol,5
golongan atas,5
gombal,5
gombrang,5
gombroh,5
gombrong,5
gontai,5
good,5
goreng,5
gores,5
grahita,5
gratifikasi,5
gratis,5
great,5
gres,5
guar,5
gubahan,5
gubris,5
gudi,5
gugah,5
gugur,5
guna,5
guntang-guntang,5
gurih,5
guru,5
gurufavorit,5
guruh,5
gusar,5
gusti,5
gutuk,5
guys,5
gws,5
habis,5
habituasi,5
hadiah,5
hadir,5
hai,5
hajat,5
hakimah,5
hallo,5
halo,5
haloo,5
hamba Allah,5
hamba allah,5
hamparan,5
handai,5
hangat,5
hantu,5
happy,5
harap,5
harga,5
harga diri,5
harkat,5
harmonis,5
harmonisasi,5
harmonisasiuniv,5
harum,5
hasad,5
hasan,5
hasil,5
hastag,5
hati,5
hati-hati,5
hatiku,5
hay,5
hayat,5
hayo,5
heban,5
heboh,5
hebring,5
hello,5
helloo,5
hellooo,5
help,5
hemat,5
hendak,5
hendaknya,5
heran,5
herbal,5
hi,5
hias,5
hiasan,5
hibah,5
hidang,5
hidup,5
hii,5
hiii,5
hijau,5
hikmah,5
hikmat,5
hilang,5
hilir,5
himpit,5
hingar,5
hipotetis,5
hiruk,5
hiruk-pikuk,5
hitung,5
hoki,5
homogen,5
hostel,5
hotel,5
hubung,5
hujan,5
hujan gerimis,5
hujan ringan,5
hukum,5
hulubalang,5
hutan,5
hy,5
ibadah,5
ibadat,5
ibunda,5
idam,5
idaman,5
ideal,5
idiosinkratis,5
iflix,5
ihsan,5
ijab,5
ijtihad,5
ikat,5
ikat janji,5
ikhlas,5
ikhtiar,5
iktifak,5
iktikad,5
ikut serta,5
ikutan,5
ilmu,5
ilusi,5
imaji,5
imam,5
iman,5
imbal,5
imbalan,5
imbang,5
imbuh,5
imitasi,5
imla,5
impian,5
import,5
impulsif,5
imut-imut,5
inap,5
inayat,5
indah,5
indah ambang,5
indikasi,5
individual,5
infak,5
inferensi,5
infinit,5
informasi,5
informasinya,5
ingat,5
ingatan,5
ingat-ingat,5
inisiator,5
inklusif,5
inkorporasi,5
inovasi,5
insaf,5
insentif,5
insiden,5
insinye,5
instingtif,5
insyaallah,5
intan,5
integrasi,5
intelektual,5
inteligen,5
intensi,5
intensif,5
interaksi,5
interes,5
interferensi,5
interpretasi,5
interupsi,5
intim,5
intrik,5
intuitif,5
inventif,5
inventivitas,5
invitasi,5
invite,5
irama,5
irit,5
iritasi,5
isbat,5
isi,5
isi perut,5
islam,5
itifak,5
itihad,5
jabar,5
jadi,5
jaga,5
jaga-jaga,5
jagalah,5
jago,5
jagoan,5
jajak,5
jala,5
jalan bebas hambat,5
jalan bebas hambatan,5
jalan buka,5
jalan keluar,5
jalan tengah,5
jalan terbuka,5
jalanin,5
jali,5
jamhur,5
jamiah,5
jamik,5
jamil,5
jangka,5
jantan,5
jarak,5
jaring,5
jaringan,5
jasa,5
jaswadi,5
jatah,5
jatuh,5
jawab,5
jawaban,5
jawara,5
jaya,5
jebakan,5
jeblos,5
jejal,5
jelak,5
jelang,5
jelas,5
jeli,5
jempol,5
jempolan,5
jenak,5
jenang,5
jentelmen,5
jeraus,5
jernih,5
jernih (suasana),5
jernih suasana,5
jiawang,5
jibilah,5
jidur,5
jigrah,5
jihad,5
jilbab,5
jodoh,5
join,5
joli,5
jomblo,5
jreng,5
juak-juak,5
jual,5
jualan,5
juang,5
judul,5
jujur,5
julat,5
jumat,5
jumpa muka,5
jungkal,5
juta,5
kabar,5
kabung,5
kaci,5
kadang,5
kadang-kadang,5
kadar,5
kado,5
kaget,5
kagum,5
kaisar,5
kait,5
kaitan,5
kaji,5
kajian,5
kakek,5
kaki tangan,5
kalap,5
kalem,5
kalis,5
kalong,5
kam,5
kamil,5
kampanye,5
kandis,5
kangen,5
kanjang,5
kanjeng sultan,5
kantong,5
kapabilitas,5
kapasitas,5
karena Allah,5
karena allah,5
karib,5
karimah,5
karsa,5
karunia,5
karya,5
karyawan,5
kasad,5
kasatmata,5
kasih,5
kasih sayang,5
kasihan,5
kasual,5
kawakan,5
kawal,5
kaya,5
keahlian,5
keaktifan,5
keampuhan,5
kebahagiaan,5
kebaikan,5
kebajikan,5
kebangkitan,5
kebanyakan,5
keberuntungan,5
kebesaran,5
kebijakan,5
kebisaan,5
kebolehan,5
kebutuhan,5
kecakapan,5
kecantikan,5
kece,5
kecepatan,5
kecerdikan,5
kecong,5
kedai susu,5
kedalaman,5
kediaman,5
kedodoran,5
kedot,5
kedoyanan,5
keduniaan,5
keenakan,5
kegagahan,5
kegembiraan,5
kegiatan,5
kegilaan,5
kegirangan,5
kegirangan keceriaan,5
kegunaan,5
kehadiran,5
kehangatan,5
kehebohan,5
kehormatan,5
keikutsertaan,5
kejadian,5
kejayaan,5
kejelasan,5
kejuruan,5
kejut,5
kejutan,5
kekaguman,5
kekal,5
kekayaan,5
kekekalan,5
kekeliruan,5
kekeluargaan,5
kekerabatan,5
kekhususan,5
keki,5
kekuatan,5
kekuatan batin,5
kelahiran,5
kelajuan,5
kelapangan,5
kelar,5
kelawasan,5
kelelawar,5
kelepasan,5
kelezatan,5
keliatan,5
kelih,5
kelilipan,5
kelimpahan,5
keliru,5
kelonggaran,5
keluang,5
keluangan,5
keluaran,5
keluarga,5
keluasan,5
kelucuan,5
kemahiran,5
kemampuan,5
kemangkakan,5
kemantapan,5
kemas,5
kemaslahatan,5
kemasyhuran,5
kembang,5
kembang-kempis,5
kemegahan,5
kemiripan,5
kempuh,5
kemudahan,5
kemudi,5
kemufakatan,5
kemunculan,5
kemurahan,5
ken,5
kenal,5
kenamaan,5
kenan,5
kenang,5
kenangan,5
kenang-kenangan,5
kencan,5
kencang,5
kenduri,5
kenek,5
kenikmatan,5
kentara,5
kenyam,5
kenyamanan,5
kenyang,5
kepandaian,5
kepatuhan,5
kepedulian,5
kepelesiran,5
kepentingan,5
kepercayaan,5
keperluan,5
kepesatan,5
kepiawaian,5
kepintaran,5
kepleset,5
kepo,5
kepoin,5
keprihatinan,5
kepuasan,5
keputusan,5
kerabat,5
keras hati,5
keras tulang,5
kerasan,5
keriaan,5
keriangan,5
kerinduan,5
keringanan,5
kerja,5
kerja keras,5
kerja sama,5
kerjaan,5
kerjasama,5
keroyok,5
kerubung,5
kerukunan,5
kes,5
kesabaran,5
kesah,5
kesal,5
kesatria,5
kesebatan,5
kesediaan,5
keseimbangan,5
kesemarakan,5
kesepakatan,5
kesertaan,5
keseruan,5
kesetiaan,5
kesima,5
kesimpulan,5
kesohor,5
kestabilan,5
kesudian,5
kesufian,5
kesukacitaan,5
kesuma,5
ketaatan,5
ketajaman,5
ketangkasan,5
ketapak,5
ketawa,5
keteguhan batin,5
keteguhan hati,5
ketemu,5
ketenteraman,5
keterbukaan,5
keterikatan,5
ketertarikan,5
ketertiban,5
ketetapan hati,5
ketiadaan,5
ketibaan,5
keuntungan,5
keurus,5
keurusan,5
khalas,5
khalis,5
khas,5
khasiat,5
khawatir,5
khayal,5
khayalan,5
khuluk,5
khusyuk,5
kias,5
kiat,5
kicau,5
kicu,5
kikir,5
kilat,5
kimah,5
kincang,5
kincung,5
kini,5
kiprah,5
kipu,5
kira,5
kirim,5
kisas,5
kismat,5
kitab,5
kits,5
klasik,5
klien,5
kliyengan,5
kodrat,5
kohesi,5
koleksi,5
komedi,5
komisi,5
kompetensi,5
komplemen,5
komplet,5
komplot,5
komunikasi,5
komunitas,5
konco,5
kondang,5
koneksi,5
konferensi,5
konfirmasi,5
konfirmasikan,5
konfirmasinya,5
konformitas,5
konklusi,5
konkret,5
konsensus,5
konseptual,5
konsolidasi,5
konspirasi,5
konstelasi,5
konstruktif,5
konsultasi,5
kontak,5
kontan,5
kontemporer,5
kontributor,5
kooperasi,5
koordinasi,5
koordinasikan,5
koordinator,5
korek,5
kosen,5
kreasi,5
kreatif,5
kreativitas,5
kredibel,5
krim,5
kroni,5
kuala,5
kualifikasi,5
kualitas,5
kuasa,5
kuat,5
kuat (dugaan),5
kuat batin,5
kuat duga,5
kubra,5
kucil,5
kucup,5
kucur,5
kudus,5
kujarat,5
kukuh,5
kuliah,5
kumbang,5
kunci,5
kundangan,5
kunjung,5
kunjungi,5
kuntit,5
kunyah,5
kupon,5
kusa,5
kusuma,5
kuy,5
laba,5
labiovelar,5
labuh,5
labuhan,5
laden,5
lafal,5
lagak,5
lagu,5
lahir,5
lajnah,5
lakeri,5
lakon,5
lalu,5
lam,5
lambuk,5
lambung,5
lampu,5
lancar,5
lancarkan,5
lancung,5
langgam,5
langgan,5
langganan,5
langgeng,5
langkah,5
langkah baik,5
langkah kanan,5
langsung,5
lanjur,5
lanjut,5
lanjutkan,5
lantik,5
lantip,5
lapang,5
lapangan,5
lapisan,5
lapor,5
laporkan,5
larut,5
latih,5
latih diri,5
laun,5
lawan,5
lawas,5
layak,5
layan,5
layanan,5
lebai,5
lebar,5
lebih,5
lebih-lebih,5
lebuk,5
lebun,5
legawa,5
legit,5
lekas,5
lektur,5
lelah,5
lelang,5
lelap,5
leleh,5
lemah,5
lemas,5
lembek,5
lembik,5
lembuk,5
lenggang,5
lengkap,7
lentera,5
lepek,5
lestari,5
letih,5
lewat,5
lezat,5
liat,5
libur,5
liburan,5
licin,5
lihai,5
lihat,5
lila,5
limbukan,5
limpah,5
lincah,5
lindu,5
lindung,5
lingkungan,5
lingsir,5
lini,5
linu,5
linuhung,5
lipur,5
liputan,5
live,5
lompong,5
longgar,5
longo,5
lorot,5
losmen,5
lotre,5
love,5
lovers,5
luang,5
luar biasa,5
luas,5
luck,5
lucu,5
lugas,5
lugu,5
luk,5
lukis,5
lukisan,5
luluh,5
lulus,5
lumayan,5
lunak,5
lunas (kapal,5
lunas kapal,5
lunch,5
luntur,5
lupa,5
lupain,5
lupakan,5
luruh,5
lurus,5
lurus hati,5
maaf,5
mabrur,5
maen,5
mafhum,5
maha,5
mahabah,5
mahal,5
mahdi,5
mahfum,5
mahir,5
maimun,5
main,5
majenun,5
majubersama,5
makan,5
makanan,5
makasih,5
makbul,5
makhluk,5
makin,5
maklum,5
maklumat,5
makmur,5
makna,5
makruf,5
maksimal,5
maksud,5
malayari,5
malim,5
malu,5
mama,5
mamak,5
mampir,5
mampu,5
mancing,5
mandraguna,5
manfaat,5
manfaatnya,5
manggala,5
manila,5
manis,5
manja,5
manjur,5
mantap,5
manusia,5
mapan,5
margrit,5
mari,5
marilah,5
martabat,5
masa kini,5
masak,5
masakan,5
masif,5
masjid,5
maskapai,5
maslahat,5
masygul,5
masyhur,5
mata cahari,5
mata gawai,5
mata pencaharian,5
matahari,5
mati,5
mau,5
maujud,5
maut,5
medali,5
medium,5
mekar,5
meladeni,5
melafalkan,5
melahirkan,5
melakoni,5
melakonkan,5
melalui,5
melambungkan,5
melampas,5
melancarkan,5
melantik,5
melantunkan,5
melanyak,5
melarikan,5
melarutkan,5
melatih diri,5
melayani,5
melecehkan,5
meledos,5
melek,5
melendeh,5
melengkapi,5
meletakkan,5
melewati,5
melicinkan,5
melihat,5
melilit,5
melintangi,5
melintas (rimba),5
melipur,5
melisankan,5
meloloskan,5
melongo,5
melontarkan,5
melorot,5
meluas,5
meluluskan,5
meluncurkan,5
memafhumi,5
memahami,5
memahirkan,5
memaklumi,5
memalu,5
memandu,5
memang,5
memanjang,5
memanjatkan doa,5
memantai,5
memarkir,5
memartil,5
memasuki,5
mematuhi,5
membaca,5
membahagiakan,5
membahas,5
membalas,5
membantu,5
membara,5
membatu,5
membayangkan,5
membeli,5
membenang,5
membenarkan,5
memberi,5
membiasakan,5
membimbingmu,5
membimbit,5
membingkas,5
membingkis,5
membisu,5
membuat,5
membubuhkan,5
membunyikan,5
memburu,5
memegang kitab,5
memejahijaukan,5
memeluk,5
memendam,5
mementingkan,5
memerikan,5
memesonakan,5
memfasilitasi,5
memikat,5
meminati,5
meminda,5
memindahkan,5
meminta,5
meminta (kpd Tuhan),5
memintasi,5
memolakan,5
mempercantik,5
memperelok,5
memperhitungkan,5
memperindah,5
memperkirakan,5
memperkuat,5
mempersiapkan,5
mempersolek,5
mempertentangkan,5
memprediksi,5
mempromosikan,5
mempunyai,5
memuai,5
memuaskan,5
memudahkan,5
memudar,5
memuji-muji,5
memukau,5
memuluskan,5
memunculkan,5
memusingkan,5
menabung,5
menafsirkan,5
menakjubkan,5
menaksir,5
menambah,5
menang,5
menanggapi,5
menangkap,5
menarik,5
menarik hati,5
menaruh hati,5
menating,5
menayangkan,5
mencari akal,5
mencari ilmu,5
mencari jalan,5
mencebikkan,5
mencemaskan,5
mencengangkan,5
menceritakan,5
mencerna,5
mencinta,5
mencintai,5
mencintaimu,5
mencium telapak kaki,5
mencolok,5
mencontoh,5
mencontohkan,5
mencurigai,5
mendahului,5
mendaifkan,5
mendalam,5
mendandankan,5
mendapat,5
mendarat,5
mendengungkan,5
menderaikan,5
mendeteksi,5
mendidik,5
mendikte,5
mending,5
mendoa,5
menduga,5
mendusin,5
menebak,5
menebarkan,5
menegarkan,5
menegur,5
menelaah,5
meneladan,5
menelungkup,5
menelurkan,5
menelusuri,5
menembusi,5
menempuh (hidup),5
menemukan,5
menenangkan,5
menentu,5
menerima,5
menerka,5
menetap,5
mengabaikan,5
mengacau,5
mengadunkan,5
mengagumkan,5
mengaibkan,5
mengaji,5
mengakap,5
mengakar,5
mengalami,5
mengalem,5
mengalirkan darah,5
mengalunkan,5
mengambil contoh,5
mengambil ibarat,5
mengamuk,5
menganggap,5
menganggar,5
mengangkat-angkat,5
mengangsur,5
mengantisipasi,5
mengantongi,5
menganugerahi,5
menganut,5
mengarahkan,5
mengarifi,5
mengartikan,5
mengasihani,5
mengasihi,5
mengasosiasikan,5
mengatakan,5
mengawaki,5
mengawal,5
mengecamkan,5
mengecat,5
mengecilkan,5
mengeja,5
mengeloskan,5
mengeluarkan darah,5
mengembang,5
mengenal,5
mengenang,5
mengentengkan,5
mengenyam,5
mengerikan,5
mengeroyok,5
mengerti,5
mengerubungi,5
mengesahkan,5
mengesankan,5
mengetuk,5
menggali ilmu,5
menggambari,5
mengganggu,5
mengganjar,5
mengganjari,5
mengganyang,5
menggegerkan,5
menggelesot,5
menggelincir,5
menggemari,5
menggemburkan melambuk,5
menggemparkan,5
menggerecoki,5
menggirangkan melegakan,5
menggores,5
menghadiahi,5
menghadiahkan,5
menghajatkan,5
menghebohkan,5
mengherankan,5
menghidangkan,5
menghikayatkan,5
menghimpunkan,5
menghinakan,5
menghirukkan,5
menghubungi,5
menghukum,5
mengibai,5
mengikuti,5
mengiler,5
mengimbangi,5
mengimbas,5
mengimbasi,5
mengimbuhi,5
mengimbuhkan,5
mengimla,5
mengingat-ingat,5
mengingatkan,5
menginginkan,5
menginsafi,5
menginterprestasikan,5
mengipasi,5
mengira-ngira,5
mengirat,5
mengisi,5
mengizinkan,5
mengoles,5
mengononkan,5
mengontak,5
mengorak senyum,5
mengotot,5
mengucapkan,5
mengucil,5
mengucup,5
mengumaikan,5
mengumpulkan,5
mengumumkan,5
menguntir,5
menguntiti,5
menguntungkan,5
mengusili,5
mengutarakan,5
meni,5
menikah,5
menimba,5
menimba ilmu,5
meniru,5
menistakan,5
meniti,5
menjadi-jadi,5
menjahili,5
menjalani,5
menjejali,5
menjelajah,5
menjelajahi,5
menjelang,5
menokok,5
menolong,5
menongkat,5
menongkrong,5
menorehkan,5
mentab,5
menukar,5
menumbuk,5
menumpang tinggal,5
menung,5
menuntun,5
menuntut ilmu,5
menurut,5
menutup mulut,5
menuturkan,5
menyadari,5
menyaksikan,5
menyala,5
menyampaikan,5
menyandar,5
menyanjung,5
menyanjung-sanjung,5
menyanyi,5
menyanyikan,5
menyapih,5
menyayang,5
menyayangi,5
menyeberangi,5
menyebut,5
menyediakan,5
menyegarkan,5
menyelami,5
menyembul,5
menyembur,5
menyempurnakan,5
menyenangkan,5
menyeni,5
menyepelekan,5
menyerempakkan,5
menyerikati,5
menyerupai,5
menyesal,5
menyesali,5
menyiapkan,5
menyidangkan,5
menyikap,5
menyingsing,5
menyinkronkan,5
menyuap,5
menyuarakan,5
menyukai,5
menyuplai,5
menyusahkan,5
menyusuri,5
menyusutkan,5
meragam,5
merah,5
merah jambu,5
merah muda,5
merah telinga,5
merahimi,5
merakit,5
meramalkan,5
merapal,5
merapat,5
merasai,5
merasuk,5
merata,5
meraun,5
merawikan,5
merdu,5
merecoki,5
meredam,5
merekam,5
meremas-remas,5
meremehkan,5
merenangi,5
merencanakan,5
merentangkan,5
merenung,5
merespon,5
merger,5
meriah,5
meributkan,5
merilis,5
merinai,5
meringankan,5
meriwayatkan,5
meronda,5
meruncing,5
mesem,5
mesra,5
metah,5
mewarisi,5
mewarnai,5
mewisuda,5
meyakinkan,5
mikat,5
mikir,5
mikroanalisis,5
milik,5
mimpi,5
mimpian,5
minat,5
minta,5
minta kpd tuhan,5
mirip,5
misbah,5
mitra,5
mksh,5
mobil,5
moblong,5
modal,5
model,5
modern,5
modifikasi,5
moga,5
moga-moga,5
mohon,5
mohon diri,5
mojang,5
momentum,5
monggo,5
monopoli,5
montok,5
mood,5
moral,5
moratorium,5
motel,5
motivasi,5
muara,5
muas,5
mudah,5
mudahan,7
mudah-mudahan,5
mufaham,5
mufakat,5
muhibah,5
mujarab,5
muji,5
mujur,5
mukhlis,5
mukibat,5
mukim,5
muktabar,5
muktamar,5
mulai,5
mullah,5
mulu,5
mulus,5
mulut sungai,5
mumpung,5
muncul,5
mungil,5
murah,5
murid,5
musara,5
music,5
musik,5
muslim,5
mustahil,5
mustaid,5
mustajab,5
mustakim,5
musyawarah,5
mutakhir,5
mutu,5
muwafakat,5
nabi,5
nada,5
nafkah,5
naik,5
naik daun,5
naik ke pelamin,5
naik ke pelaminan,5
naik pelamin,5
naik pelaminan,5
naikkan,5
nasabah,5
nasi,5
natal,5
natur,5
natural,5
neces,5
necis,5
negosiasi,5
nekat,5
nemenin,5
neng,5
nestapa,5
ngajak,5
ngaku,5
ngalah,5
ngasih,5
ngelupain,5
ngerasain,5
ngerti,5
nggak,5
ngobrol,5
ngopi,5
ngurusin,5
nian,5
nice,5
nikah,5
nikmat,5
nikmati,5
nila,5
nilai,5
nirmala,5
nomine,5
normal,5
novel,5
nuftah,5
nunggu,5
nungguin,5
nuri,5
nyala,5
nyali,5
nyali besar,5
nyaman,5
nyamleng,5
nyana,5
nyanyi,5
nyanyian,5
nyata,5
objektif,5
obsesi,5
ok,5
okay,5
oke,5
okeey,5
omong kosong,5
only,5
operasi,5
oportunitas,5
orak senyum,5
orang islam,5
orde,5
ordo,5
organisasi,5
orientasi,5
orisinal,5
ornamen,5
otak,5
otak encer,5
otentik,5
otomatis,5
ovum,5
pacar,5
pacaran,5
pacarnya,5
paduka,5
paduka Tuan,5
page,5
pagi,5
pagon,5
pahala,5
paheman,5
pakat,5
paket,5
pamit,5
pamrih,5
panas,5
panas kuku,5
pancaroba,5
pancur,5
pandai,5
pandai bicara,5
pandang,5
pandu,5
pangeran,5
panggul,5
pangkat,5
panglima,5
pangus,5
panil,5
panitia,5
panjang,5
panjang tungkai,5
panjat doa,5
panorama,5
pantai,5
pantar,5
pantas,5
pantas mulut,5
pantat,5
pantau,5
pantes,5
panti,5
pantulan,5
paparan,5
para,5
parade,5
paradigma,5
paramarta,5
para-para,5
paripurna,5
parkir,5
parsel,5
partisipasi,5
pas,5
pasang,5
pasang hidup,5
pasangan hidup,5
pasar uang,5
pasif,5
pasrah,5
pasti,5
pastikan,5
pasuk,5
pati,5
patroli,5
patuh,5
patut,5
paya,5
payu,5
peduli,5
pegah,5
pegawai,5
pejatian,5
peka,5
pekerja,5
pekerjaan,5
pelajar,5
pelajaran,5
pelamin,5
pelaminan,5
pelancar,5
pelanggan,5
pelangi,5
pelarasan,5
pelatih,5
pelayan,5
pelayanan,5
peleburan,5
pelengkap,5
pelesapan,5
pelihara,5
pelipuran,5
pelit,5
pelita,5
pelupuk mata,5
pemaafan,5
pemair,5
pemajangan,5
pemandangan,5
pemantapan,5
pembahasan,5
pembaruan,5
pembeli,5
pemberian,5
pembiasaan,5
pembimbing,5
pemenang,5
pemenangnya,5
pemikiran,5
pemilik,5
pemilikan,5
pemuaian,5
pemuda,5
pemudaan,5
pemufakatan,5
pemuja,5
penabung,5
penahan,5
penali,5
penambahan,5
penandasan,5
penanganan,5
penangguhan,5
penanggulangan,5
penangkalan,5
penanti,5
penat,5
pencatat,5
pencatatan,5
pencedok,5
pencegah,5
pencegahan,5
pencitraan,5
pendaftaran,5
pendahuluan,5
pendalaman,5
pendapatan,5
pendataan,5
pendek,5
pendekar,5
penderma,5
pendidik,5
pendukung,5
penegasan,5
penentuan,5
penerang,5
penerangan,5
penerima,5
pengajar,5
pengakuan,5
pengalaman,5
pengalasan,5
pengaman,5
pengandaian,5
pengangkut,5
pengapit,5
pengaruh,5
pengasih,5
pengasuh,5
pengembangan,5
pengembangannya,5
pengen,5
pengenalan,5
pengertian,5
pengetahuan,5
penggabungan,5
penggalian,5
pengganti,5
penggede,5
penggentaran,5
pengguna,5
penggunaan,5
penghargaan,5
pengharmonisan,5
penghayatan,5
penghidupan,5
penghimpunan,5
penghuni,5
penginapan,5
pengirim,5
penguasaan,5
pengukur,5
pengumpulan,5
pengurus,5
penimbunan,5
peninggalan,5
penjelasan,5
penjenang,5
penolong,5
penongkat,5
penting,5
penumpil,5
penumpukan,5
penundukan,5
penunggu,5
penunggu dunia,5
penunjang,5
penyambut,5
penyantun,5
penyatuan,5
penyelarasan,5
penyelesaian,5
penyempurnaan,5
penyeragaman,5
penyerasian,5
penyerobotan,5
penyesuaian,5
penyimpan,5
penyokong,5
perai,5
perak,5
peran serta,5
peranakan,5
perangsang,5
perantaraan,5
perata,5
perataan,5
perbaikan,5
perbentrokan,5
perbincangan,5
percaya,5
percaya diri,5
percederaan,5
percuma,5
perdeo,5
perduli,5
pere,5
perebutan,5
perembukan,5
perempuan cantik,5
peresapan,5
perfek,5
pergeseran,5
pergi,5
perhatian,5
perhimpunan,5
peri,5
peria,5
perian,5
perilaku,5
perincian,5
peristiwa,5
perjuangin,5
perkasa,5
perkembangan,5
perkiraan,5
perkolasi,5
perkomplotan,5
perkumpulan,5
perlawanan,5
perlu,5
perlup,5
permadani,5
permanen,5
permata,5
permenungan,5
permufakatan,5
permukiman,5
permulaan,5
pernik,5
perolehan,5
peronda,5
perpaduan,5
perpanjangan,5
persahabatan,5
persamaan,5
persangkutan,5
persediaan,5
persekongkolan,5
persembahan,5
persen,5
persenan,5
perseptif,5
perserikatan,5
perserupaan,5
persesuaian,5
persiapan,5
personalitas,5
pertahanin,5
pertahankan,5
pertanda,5
pertemuan,5
pertiwi,5
pertolongan,5
pertukaran,5
pertumpahan,5
perubahan,5
peruntungan,5
perusahaan,5
perut,5
perwira,5
pesam,5
pesan,5
pesanggrahan,5
pesat,5
pesona,5
pesta,5
pestaka,5
petah lidah,5
petes,5
pikir,5
pilihan,5
pindah,5
pinggul,5
pingin,5
pinisepuh,5
pinky,5
pinter,5
pionir,5
plong,5
plus,5
poin,5
pokok,5
pokta,5
pola,5
polemik,5
pop,5
populer,5
porsi,5
portofolio,5
pose,5
positif,5
potensi,5
prabu,5
prajurit,5
prakiraan,5
praktis,5
prasangka,5
prasarana,5
prasetia,5
prawira,5
prayojana,5
prediksi,5
preferensi,5
prei,5
preinan,5
premium,5
preseden,5
presiden,5
preventif,5
prigel,5
prihatin,5
prima,5
primadona,5
primbon,5
primitif,5
probabilitas,5
prodeo,5
produk,5
produktif,5
profit,5
profitabel,5
prominen,5
promo,5
promote,5
prosa,5
proses,5
prospek,5
protektor,5
proud,5
provokasi,5
proyeksi,5
pseudonim,5
puadai,5
puas,5
publikasi,5
pudar,5
puja,5
puji,5
pukal,5
pukau,5
pukauan,5
pukul,5
pulas,5
pulut,5
pundi,5
pundi-pundi,5
punia,5
punya,5
punya nama,5
purna,5
purnama,5
purusa,5
pusaka,5
pusat,5
puspa,5
puspita,5
pustaka,5
puterin,5
putus,5
putus kata,5
putusan,5
qadim,5
queen,5
quran,5
raba,5
radikalis,5
radu,5
rafi,5
rahasia,5
rahayu,5
rahim,5
raih,5
raihan,5
rais,5
rajah,5
rajin,5
rakitan,5
rama,5
ramah,5
ramai,5
ramaikan,5
ramanda,5
rame,5
rampuh,5
rampung,5
rana,5
rancak,5
rangkap,5
rani,5
ranum,5
rapal,5
rapat,5
rapi,5
rasai,5
rasio,5
rasuk,5
rata,5
ratna,5
ratu,5
rawa,5
rawat,5
ready,5
reaksi,5
reaksioner,5
real,5
realistis,5
rebah,5
rebut,5
recok,5
redam,5
refleks,5
refleksi,5
refresh,5
regenerasi,5
rejeki,5
reka,5
rekaan,5
rekam,5
rekan,5
rekognisi,5
rekonsiliasi,5
reksa,5
rektifikasi,5
rela,5
relasi,5
relevansi,5
religi,5
religiositas,5
rembuk,5
rembukan,5
remeh,5
renang,5
rencana,5
rengkuh,5
rengkuhan,5
renjana,5
renovasi,5
reparasi,5
reply,5
reputasi,5
resam,5
resap,5
resep,5
reseptor,5
resmi,5
resolusi,5
respon,5
respons,5
revolusioner,5
rezeki,5
ria,5
riah,5
riang,5
rias,5
riasan,5
ribut,5
ricuh,5
rida,5
riil,5
rilis,5
rimba,5
rinai,5
rindu,5
ringan,5
ringan kepala,5
ringan tangan,5
ringan tulang,5
rintis,5
rintisan,5
rizki,5
roh,5
rohaniah,5
romantis,5
ronda,5
rontok,5
rotan,5
ruji,5
rumah,5
rumah tangga,5
rumput,5
runtut,5
rupa,5
rupawan,5
rusak,5
rusuh,5
rusuhan,5
rute,5
sabar,5
sadar,5
sadu,5
sahabat,5
sahabatku,5
sahabatnya,5
sahaja,5
sahut,5
sahutan,5
sains,5
sajak,5
saji,5
sakelek,5
saksama,5
saksi,5
salamat,5
salambersama,5
salat,5
saldo,5
salim,5
salin,5
sama,5
samad,5
sambang,5
sambatan,5
sambung tangan,5
sambungan tangan,5
sambut,5
sambutan,5
sami,5
sampai,5
samseng,5
samun,5
sandaran,5
sangat,5
sanggup,5
sangka,5
sangkil,5
sangkut,5
sangkut-paut,5
sangsi,5
sani,5
sanjung,5
santai,5
santer,5
santiran,5
santun,5
santunan,5
saran,5
sarannya,5
sarap,5
sarju,5
saruk,5
sastra,5
satir,5
satria,5
satu,5
sauk,5
sawala,5
say,5
sayang,5
sayangnya,5
sayid,5
searah,5
sebab,5
sebanding,5
sebandung,5
sebat,5
sebenarnya,5
sebenernya,5
sebetulnya,5
sebukan,5
secepatnya,5
sedap,5
sedeng,5
sederhana,5
sedia,5
seemak,5
segar,5
segeh,5
segenap,5
segera,5
sehat,5
seia,5
seibu,5
seindah,5
sejadah,5
sejati,5
sejenak,5
sekah,5
sekali-kali,5
sekam,5
sekar,5
sekata,5
sekolah,5
selamat,5
selamatan,5
selaras,5
selawat,5
selayaknya,5
selenggara,5
selengkapnya,5
selera,5
selesa,5
selesai,5
selfie,5
selidik,5
seloroh,5
semakin,5
semak-semak,5
semangat,5
semarak,5
sembahyang,5
sembahyangan,5
sembir,5
semboyan,5
sembuh,5
sembul,5
sembur,5
semerbak,5
semi,5
sempena hati,5
sempurna,5
semringah,5
semu,5
senang,5
seneng,5
seni,5
senjang,5
sensibel,5
sensitif,5
sentosa,5
sentuh,5
senyap,5
senyum,5
senyuman,5
senyumin,5
senyumnya,5
sepada,5
sepakat,5
sepantar,5
sepantasnya,5
sepatu,5
sepatutnya,5
sepele,5
sepuh,5
seragam,5
serah,5
serapah,5
serasi,5
seraya,5
serbasama,5
serbaserbi,5
seremeh,5
serempak,5
serentak,5
serep,5
sering,5
seringai,5
sero,5
serta,5
serta-merta,5
seru,5
seruh,5
serunda,5
serundai,5
servis,5
sesaji,5
sesal,5
sesalan,5
sesambat,5
sesuai,5
sesungguhnya,5
setara,5
setimpal,5
setir,5
setuju,5
setujuan,5
sewajarnya,5
sewot,5
shalat,5
sharing,5
shiawase,5
sholat,5
show,5
siap,5
siapa,5
sibuk,5
sidang,5
sigap,5
signifikansi,5
sikap,5
sila,5
silah,5
silahkan,5
silakan,5
silang pendapat,5
silang selisih,5
silaturahim,5
silir-semilir,5
simak,5
simbok,5
simetris,5
simpanan,5
simpat,5
simpatik,5
simpatisan,5
simpel,5
simple,5
simpleks,5
simplistis,5
simpuh,5
simpul,5
sing,5
singgung,5
singkap,5
single,5
singsing,5
sinkron,5
sinkronisasi,5
sintal,5
sintetis,5
sinuhun,5
siph,5
sir,5
sirap hati,5
sirna,5
sir-siran,5
siswa,5
siuman,5
size,5
sketsa,5
slow,5
smartphone,5
smga,5
smpai,5
snapback,5
sob,5
sobat,5
sohib,5
sohor,5
sokong,5
solah,5
solat,5
soleha,5
solo,5
solusi,5
solusinya,5
sorongan,5
sosial,5
sosialistis,5
sosialita,5
sparing,5
special,5
spesial,5
spesialis,5
spesialisasi,5
spesifikasi,5
sponsor,5
spontan,5
sporadis,5
sportif,5
sput,5
sreg,5
sregep,5
Sri paduka,5
stabil,5
stabilitas,5
stagnan,5
stamina,5
standardisasi,5
statis,5
statistik,5
stop,5
streng,5
struktur,5
studi,5
stupa,5
suam-suam kuku,5
suap,5
suapan,5
suara,5
suara halus,5
suasana,5
suasana (hati),5
suasana hati,5
sublim,5
substansi,5
substansial,5
subur,5
suci,5
sudah,5
sudi,5
sugesti,5
suguh,5
suguhan,5
suka,5
suka cita,5
sukacita,5
sukar,5
sukarela,5
suka-suka,5
sukat,5
sukses,5
sumbu,5
sumpah,5
sumringah,5
sunan,5
sungguh,5
sungguh-sungguh,5
suntuk,5
sunyi,5
super,5
superior,5
suplai,5
suplemen,5
suporter,5
support,5
surat takdir,5
surat tanah,5
suratan takdir,5
surau,5
susah hati,5
susuk,5
susut,5
suvenir,5
swagriya,5
sweet,5
syarikat,5
syg,5
syukur,5
syukuri,5
taat,5
tabah,5
tabah hati,5
tabe,5
tablig,5
tabung,5
tabung bambu,5
tabungan,5
tafsir,5
tahan,5
tahan lama,5
tahan lasak,5
tahu,5
tahu aturan,5
tajali,5
tajam,5
tajam mata,5
tajam otak,5
tajam pikiran,5
tak segan,5
takar,5
takjub,5
takrif,5
taksir,5
taksiran,5
takut,5
takyin,5
takzim,5
talen,5
talenta,5
taman,5
tamat,5
tambah,5
tambahan,5
tampak,5
tampil,5
tampilan,5
tanda jasa,5
tanda mata,5
tandang,5
tanda-tanda,5
tanding,5
tangan,5
tanganan,5
tanggap,5
tanggapan,5
tangguh,5
tanggulang,5
tangkas,5
tangkisan,5
tangkul,5
tangsel,5
tanya,5
tanya jawab,5
tapa,5
tara,5
taraf,5
tarekat,5
tari,5
tarik,5
tarik hati,5
taruh,5
taruh hati,5
taruhan,5
tasamuh,5
tata,5
tata tertib,5
tatap,5
taut,5
tawakal,5
tawarikh,5
tayang,5
tayib,5
tayibah,5
team,5
tebak,5
tebal telinga,5
tedas,5
teduh,5
tegang,5
tegap,5
tegar,5
teguh batin,5
teguh hati,5
teguk,5
tegur,5
teguran,5
teh,5
teja,5
tekad,5
tekan,5
tekanan jiwa,5
tekanan mental,5
tekun,5
tela,5
telaah,5
teladan,5
telaten,5
telungkup,5
tembus,5
temennya,5
tempo,5
tempoh,5
tempo-tempo,5
temu,5
tenaga,5
tenaga kerja,5
tenang,5
tengah,5
tenggang,5
tenggang rasa,5
tengkuluk,5
tengkurap,5
tengok,5
tentang,5
tentangan,5
teoretis,5
tepa salira,5
tepat guna,5
tepercaya,5
terala,5
terampil,5
terang,5
terang akal,5
teranggar-anggar,5
teranyar,5
teraso,5
teratas,5
teratur,5
terawat,5
terbaik,5
terbakar,5
terbalik akal,5
terbangun,5
terbanting,5
terbaring,5
terbaru,5
terbatas,5
terbayan,5
terbayang,5
terbayang-bayang,5
terbelenggu,5
terbiasa,5
terbit selera,5
terbuka,5
terbuka mata,5
terbukti,5
tercapai,5
tercemplung,5
tercengang,5
tercermin,5
tercinta,5
terdaftar,5
terdahulu,5
terdamping,5
terdekat,5
terencana,5
tergambar,5
tergantung,5
tergelak,5
tergeleng-geleng,5
tergelincir,5
tergila-gila,5
terhalang,5
terikat,5
terima,5
terima kasih,5
terimakasih,5
terimaksih,5
terindah,5
terjadi,5
terjadinya,5
terjaga,5
terjajah,5
terjamin,5
terjeblos,5
terjemahan,5
terjun,5
terjungkal,5
terka,5
terkadang,5
terkadang-kadang,5
terkapah-kapah,5
terkemuka,5
terkenal,5
terkesima,5
terkilan,5
terkini,5
terkoneksi,5
terlanjur,5
terlewat,5
terlibat,5
terlindung,5
terluang,5
terlukis,5
termakan,5
termasyhur,5
termulia,5
terpana,5
terpegah,5
terpelajar,5
terpelihara,5
terperengah,5
terperinci,5
terpesona,5
terpuji,5
terpukau,5
terpukul,5
tersadar,5
tersaji,5
tersampai,5
tersedia,5
terselenggaranya,5
tersem-bunyi,5
tersendat,5
tersengal-sengal,5
tersenyum,5
tersohor,5
tersuguh,5
tersungging,5
tertarik,5
tertata,5
tertawa,5
tertawa kecil,5
tertib,5
tertinggi,5
tertulang,5
terurus,5
terus-menerus,5
terutama,5
testimoni,5
tetap,5
tetap hati,5
tewas,5
thank,5
thanks,5
tiada,5
tiang pancang,5
tiara,5
tidak segan,5
tidur,5
tikar,5
timba ilmu,5
timbalan,5
timbun,5
timpal,5
tindakan,5
tinggal,5
tinggalan,5
tinggi,5
tingkah laku,5
tingkat,5
tip,5
tips,5
tiris,5
tiruan,5
titi,5
titip api,5
tlg,5
tokcer,5
tokok,5
tolakan,5
tolong,5
tongkeng,5
tongkrong,5
top,5
toreh,5
tq,5
traktat,5
transaksi,5
transendental,5
transparan,5
transparansi,5
trauma,5
trendi,5
trengginas,5
tresna,5
trima,5
trimakasih,5
trims,5
tuah,5
tuhan,5
tuju,5
tukar,5
tukar akal,5
tukar cincin,5
tukar pikir,5
tukar pikiran,5
tulang,5
tulen,5
tulus,5
tulus hati,5
tulus ikhlas,5
tumandang,5
tumbang,5
tumpang tinggal,5
tumpu,5
tumpuan,5
tunai,5
tunang,5
tunas,5
tunduk,5
tunggak,5
tunggu,5
tunggu dunia,5
tungkak,5
tunjang,5
tuntas,5
tuntun,5
tuntut ilmu,5
turun,5
turunan,5
tutuk,5
tutup mulut,5
tutur,5
uang lelah,5
uang rokok,5
ugahari,5
ugal-ugalan,5
uji,5
ujian,5
ukur,5
ulama,5
ulasan,5
ulung,5
uluran,5
uluran tangan,5
umat,5
umi,5
umum,5
umur,5
unda,5
undang,5
undangan,5
unek-unek,5
unggulan,5
ungkap,5
untung,5
upa,5
upa-,5
upah,5
upaya,5
uraian,5
ura-ura,5
usaha,5
usai,5
usik,5
usikan,5
ustadz,5
ustazah,5
usul,5
utas,5
utopia,5
vak,5
vakansi,5
varia,5
varian,5
ventura,5
verbal,5
vila,5
visi,5
vista,5
vitalitas,5
vote,5
voucher,5
wadak,5
waduh,5
wafat,5
wagu,5
wah,5
wahyu,5
wajar,5
wangi,5
wantah,5
waras,5
waris,5
warisan,5
warok,5
wasiat,5
waspada,5
watak,5
wawancara,5
wedel,5
wekel,5
welas,5
welcome,5
wewenang,5
widita,5
widyaiswara,5
wiladah,5
wirid,5
wisma,5
wkwkwk,5
wujud,5
ya,5
yaaaa,5
yahud,5
yakin,5
yamtuan,5
Yang Dipertuan,5
yank,5
yasalamualaika,5
yaudah,5
yes,5
yg dipertuan,5
yoga,5
yuk,5
yukk,5
yuuk,5
zaim,5
zakelek,5
zakiah,5
zikir,5
zuhud,5
