mesin,0
bank,0
nasabah,0
pinjaman,0
kartu,0
bunga,0
saldo,0
transaksi,0
rekening,0
pembayaran,0
cabang,0
ATM,0
setoran,0
penarikan,0
tabungan,0
investasi,0
pelayanan,0
kredit,0
debit,0
internet,0
mobile,0
aman,0
resiko,0
keamanan,0
limit,0
biaya,0
pengiriman,0
tarik,0
transfer,0
konfirmasi,0
verifikasi,0
mutasi,0
syarat,0
ketentuan,0
batas,0
jangka,0
pemegang,0
kerjasama,0
kemitraan,0
layanan,0
proses,0
identitas,0
akun,0
formulir,0
teller,0
simpan,0
hutang,0
persetujuan,0
dokumentasi,0
penundaan,0
laporan,0
cadangan,0
insentif,0
registrasi,0
penyelesaian,0
tanggungan,0
kliring,0
pembukaan,0
penutupan,0
jaminan,0
kontrak,0
perjanjian,0
regulasi,0
kepatuhan,0
komisi,0
administrasi,0
proteksi,0
asuransi,0
tabungan,0
emisi,0
pendanaan,0
suku,0
marjin,0
dividen,0
portofolio,0
auditor,0
permodalan,0
perbankan,0
investor,0
akuisisi,0
perubahan,0
rekonsiliasi,0
penagihan,0
distribusi,0
monitoring,0
implementasi,0
eksekusi,0
strategi,0
manajemen,0
keuangan,0
likuiditas,0
pengelolaan,0
pendapatan,0
penghasilan,0
kas,0
pembukuan,0
kompensasi,0
remunerasi,0
kerugian,0
pencairan,0
pengalihan,0
estimasi,0
proyeksi,0
pencatatan,0
pembukuan,0
aktiva,0
pasiva,0
utang,0
piutang,0
pajak,0
gaji,0
kewajiban,0
modal,0
ekuitas,0
aset,0
aktiva,0
valuta,0
protokol,0
spekulasi,0
cadangan,0
kontinjensi,0
akuntansi,0
audit,0
pemeriksaan,0
konsolidasi,0
penggabungan,0
divestasi,0
likuidasi,0
depresiasi,0
amortisasi,0
revaluasi,0
komparasi,0
analisis,0
simulasi,0
penyusutan,0
apresiasi,0
perencanaan,0
perkiraan,0
penyelesaian,0
penjadwalan,0
pengecualian,0
penghapusan,0
penyediaan,0
penyisihan,0
penyertaan,0
penghapusan,0
penutupan,0
pencadangan,0
pemantauan,0
pengendalian,0
pembayaran,0
pelunasan,0
penagihan,0
penyetoran,0
pendistribusian,0
pembelian,0
penjualan,0
pengembangan,0
implementasi,0
inovasi,0
evaluasi,0
verifikasi,0
validasi,0
optimasi,0
pemasaran,0
riset,0
pengembalian,0
pelepasan,0
penyesuaian,0
pengukuran,0
pengawasan,0
peningkatan,0
pengurangan,0
perbaikan,0
pemulihan,0
pengoperasian,0
penangguhan,0
perpanjangan,0
penjadwalan,0
penilaian,0
pelaporan,0
penelusuran,0
penyesuaian,0
penguatan,0
pemasangan,0
penerimaan,0
penolakan,0
penyusunan,0
penyampaian,0
penyimpanan,0
penggandaan,0
pengemasan,0
pengecekan,0
penyegelan,0
penyelenggaraan,0
pemantauan,0
pengawasan,0
pengambilan,0
pemrosesan,0
penyimpanan,0
pengamanan,0
penyuluhan,0
pelaksanaan,0
pemenuhan,0
penyediaan,0
penyesuaian,0
pengaturan,0
penataan,0
pencapaian,0
penyampaian,0
penyelesaian,0
pengalihan,0
penyempurnaan,0
pembetulan,0
pengecekan,0
pengumpulan,0
penyampaian,0
penetapan,0
penjelasan,0
pengelolaan,0
penyelarasan,0
pemberitahuan,0
pengiriman,0
penerimaan,0
penangguhan,0
penyusunan,0
pengiriman,0
penyusunan,0
pembahasan,0
pengujian,0
penelitian,0
penyempurnaan,0
penyediaan,0
pemeriksaan,0
penyelesaian,0
penyimpanan,0
penetapan,0
pengaturan,0
pengelolaan,0
pelaporan,0
penyampaian,0
penyusunan,0
pemberitahuan,0
pengiriman,0
penerimaan,0
penyampaian,0
pengiriman,0
penyusunan,0
pembahasan,0
pengujian,0
penelitian,0
penyusunan,0
pembahasan,0
pengujian,0
penelitian,0
pengelolaan,0
pelaporan,0
pengiriman,0
penyusunan,0
pembahasan,0
pengujian,0
penelitian,0
penyusunan,0
pembahasan,0
pengujian,0
penelitian,0
kata_266,0
kata_267,0
kata_268,0
kata_269,0
kata_270,0
kata_271,0
kata_272,0
kata_273,0
kata_274,0
kata_275,0
kata_276,0
kata_277,0
kata_278,0
kata_279,0
kata_280,0
kata_281,0
kata_282,0
kata_283,0
kata_284,0
kata_285,0
kata_286,0
kata_287,0
kata_288,0
kata_289,0
kata_290,0
kata_291,0
kata_292,0
kata_293,0
kata_294,0
kata_295,0
kata_296,0
kata_297,0
kata_298,0
kata_299,0
kata_300,0
kata_301,0
kata_302,0
kata_303,0
kata_304,0
kata_305,0
kata_306,0
kata_307,0
kata_308,0
kata_309,0
kata_310,0
kata_311,0
kata_312,0
kata_313,0
kata_314,0
kata_315,0
kata_316,0
kata_317,0
kata_318,0
kata_319,0
kata_320,0
kata_321,0
kata_322,0
kata_323,0
kata_324,0
kata_325,0
kata_326,0
kata_327,0
kata_328,0
kata_329,0
kata_330,0
kata_331,0
kata_332,0
kata_333,0
kata_334,0
kata_335,0
kata_336,0
kata_337,0
kata_338,0
kata_339,0
kata_340,0
kata_341,0
kata_342,0
kata_343,0
kata_344,0
kata_345,0
kata_346,0
kata_347,0
kata_348,0
kata_349,0
kata_350,0
kata_351,0
kata_352,0
kata_353,0
kata_354,0
kata_355,0
kata_356,0
kata_357,0
kata_358,0
kata_359,0
kata_360,0
kata_361,0
kata_362,0
kata_363,0
kata_364,0
kata_365,0
kata_366,0
kata_367,0
kata_368,0
kata_369,0
kata_370,0
kata_371,0
kata_372,0
kata_373,0
kata_374,0
kata_375,0
kata_376,0
kata_377,0
kata_378,0
kata_379,0
kata_380,0
kata_381,0
kata_382,0
kata_383,0
kata_384,0
kata_385,0
kata_386,0
kata_387,0
kata_388,0
kata_389,0
kata_390,0
kata_391,0
kata_392,0
kata_393,0
kata_394,0
kata_395,0
kata_396,0
kata_397,0
kata_398,0
kata_399,0
kata_400,0
kata_401,0
kata_402,0
kata_403,0
kata_404,0
kata_405,0
kata_406,0
kata_407,0
kata_408,0
kata_409,0
kata_410,0
kata_411,0
kata_412,0
kata_413,0
kata_414,0
kata_415,0
kata_416,0
kata_417,0
kata_418,0
kata_419,0
kata_420,0
kata_421,0
kata_422,0
kata_423,0
kata_424,0
kata_425,0
kata_426,0
kata_427,0
kata_428,0
kata_429,0
kata_430,0
kata_431,0
kata_432,0
kata_433,0
kata_434,0
kata_435,0
kata_436,0
kata_437,0
kata_438,0
kata_439,0
kata_440,0
kata_441,0
kata_442,0
kata_443,0
kata_444,0
kata_445,0
kata_446,0
kata_447,0
kata_448,0
kata_449,0
kata_450,0
kata_451,0
kata_452,0
kata_453,0
kata_454,0
kata_455,0
kata_456,0
kata_457,0
kata_458,0
kata_459,0
kata_460,0
kata_461,0
kata_462,0
kata_463,0
kata_464,0
kata_465,0
kata_466,0
kata_467,0
kata_468,0
kata_469,0
kata_470,0
kata_471,0
kata_472,0
kata_473,0
kata_474,0
kata_475,0
kata_476,0
kata_477,0
kata_478,0
kata_479,0
kata_480,0
kata_481,0
kata_482,0
kata_483,0
kata_484,0
kata_485,0
kata_486,0
kata_487,0
kata_488,0
kata_489,0
kata_490,0
kata_491,0
kata_492,0
kata_493,0
kata_494,0
kata_495,0
kata_496,0
kata_497,0
kata_498,0
kata_499,0
kata_500,0
kata_501,0
kata_502,0
kata_503,0
kata_504,0
kata_505,0
kata_506,0
kata_507,0
kata_508,0
kata_509,0
kata_510,0
kata_511,0
kata_512,0
kata_513,0
kata_514,0
kata_515,0
kata_516,0
kata_517,0
kata_518,0
kata_519,0
kata_520,0
kata_521,0
kata_522,0
kata_523,0
kata_524,0
kata_525,0
kata_526,0
kata_527,0
kata_528,0
kata_529,0
kata_530,0
kata_531,0
kata_532,0
kata_533,0
kata_534,0
kata_535,0
kata_536,0
kata_537,0
kata_538,0
kata_539,0
kata_540,0
kata_541,0
kata_542,0
kata_543,0
kata_544,0
kata_545,0
kata_546,0
kata_547,0
kata_548,0
kata_549,0
kata_550,0
kata_551,0
kata_552,0
kata_553,0
kata_554,0
kata_555,0
kata_556,0
kata_557,0
kata_558,0
kata_559,0
kata_560,0
kata_561,0
kata_562,0
kata_563,0
kata_564,0
kata_565,0
kata_566,0
kata_567,0
kata_568,0
kata_569,0
kata_570,0
kata_571,0
kata_572,0
kata_573,0
kata_574,0
kata_575,0
kata_576,0
kata_577,0
kata_578,0
kata_579,0
kata_580,0
kata_581,0
kata_582,0
kata_583,0
kata_584,0
kata_585,0
kata_586,0
kata_587,0
kata_588,0
kata_589,0
kata_590,0
kata_591,0
kata_592,0
kata_593,0
kata_594,0
kata_595,0
kata_596,0
kata_597,0
kata_598,0
kata_599,0
kata_600,0
kata_601,0
kata_602,0
kata_603,0
kata_604,0
kata_605,0
kata_606,0
kata_607,0
kata_608,0
kata_609,0
kata_610,0
kata_611,0
kata_612,0
kata_613,0
kata_614,0
kata_615,0
kata_616,0
kata_617,0
kata_618,0
kata_619,0
kata_620,0
kata_621,0
kata_622,0
kata_623,0
kata_624,0
kata_625,0
kata_626,0
kata_627,0
kata_628,0
kata_629,0
kata_630,0
kata_631,0
kata_632,0
kata_633,0
kata_634,0
kata_635,0
kata_636,0
kata_637,0
kata_638,0
kata_639,0
kata_640,0
kata_641,0
kata_642,0
kata_643,0
kata_644,0
kata_645,0
kata_646,0
kata_647,0
kata_648,0
kata_649,0
kata_650,0
kata_651,0
kata_652,0
kata_653,0
kata_654,0
kata_655,0
kata_656,0
kata_657,0
kata_658,0
kata_659,0
kata_660,0
kata_661,0
kata_662,0
kata_663,0
kata_664,0
kata_665,0
kata_666,0
kata_667,0
kata_668,0
kata_669,0
kata_670,0
kata_671,0
kata_672,0
kata_673,0
kata_674,0
kata_675,0
kata_676,0
kata_677,0
kata_678,0
kata_679,0
kata_680,0
kata_681,0
kata_682,0
kata_683,0
kata_684,0
kata_685,0
kata_686,0
kata_687,0
kata_688,0
kata_689,0
kata_690,0
kata_691,0
kata_692,0
kata_693,0
kata_694,0
kata_695,0
kata_696,0
kata_697,0
kata_698,0
kata_699,0
kata_700,0
kata_701,0
kata_702,0
kata_703,0
kata_704,0
kata_705,0
kata_706,0
kata_707,0
kata_708,0
kata_709,0
kata_710,0
kata_711,0
kata_712,0
kata_713,0
kata_714,0
kata_715,0
kata_716,0
kata_717,0
kata_718,0
kata_719,0
kata_720,0
kata_721,0
kata_722,0
kata_723,0
kata_724,0
kata_725,0
kata_726,0
kata_727,0
kata_728,0
kata_729,0
kata_730,0
kata_731,0
kata_732,0
kata_733,0
kata_734,0
kata_735,0
kata_736,0
kata_737,0
kata_738,0
kata_739,0
kata_740,0
kata_741,0
kata_742,0
kata_743,0
kata_744,0
kata_745,0
kata_746,0
kata_747,0
kata_748,0
kata_749,0
kata_750,0
kata_751,0
kata_752,0
kata_753,0
kata_754,0
kata_755,0
kata_756,0
kata_757,0
kata_758,0
kata_759,0
kata_760,0
kata_761,0
kata_762,0
kata_763,0
kata_764,0
kata_765,0
kata_766,0
kata_767,0
kata_768,0
kata_769,0
kata_770,0
kata_771,0
kata_772,0
kata_773,0
kata_774,0
kata_775,0
kata_776,0
kata_777,0
kata_778,0
kata_779,0
kata_780,0
kata_781,0
kata_782,0
kata_783,0
kata_784,0
kata_785,0
kata_786,0
kata_787,0
kata_788,0
kata_789,0
kata_790,0
kata_791,0
kata_792,0
kata_793,0
kata_794,0
kata_795,0
kata_796,0
kata_797,0
kata_798,0
kata_799,0
kata_800,0
kata_801,0
kata_802,0
kata_803,0
kata_804,0
kata_805,0
kata_806,0
kata_807,0
kata_808,0
kata_809,0
kata_810,0
kata_811,0
kata_812,0
kata_813,0
kata_814,0
kata_815,0
kata_816,0
kata_817,0
kata_818,0
kata_819,0
kata_820,0
kata_821,0
kata_822,0
kata_823,0
kata_824,0
kata_825,0
kata_826,0
kata_827,0
kata_828,0
kata_829,0
kata_830,0
kata_831,0
kata_832,0
kata_833,0
kata_834,0
kata_835,0
kata_836,0
kata_837,0
kata_838,0
kata_839,0
kata_840,0
kata_841,0
kata_842,0
kata_843,0
kata_844,0
kata_845,0
kata_846,0
kata_847,0
kata_848,0
kata_849,0
kata_850,0
kata_851,0
kata_852,0
kata_853,0
kata_854,0
kata_855,0
kata_856,0
kata_857,0
kata_858,0
kata_859,0
kata_860,0
kata_861,0
kata_862,0
kata_863,0
kata_864,0
kata_865,0
kata_866,0
kata_867,0
kata_868,0
kata_869,0
kata_870,0
kata_871,0
kata_872,0
kata_873,0
kata_874,0
kata_875,0
kata_876,0
kata_877,0
kata_878,0
kata_879,0
kata_880,0
kata_881,0
kata_882,0
kata_883,0
kata_884,0
kata_885,0
kata_886,0
kata_887,0
kata_888,0
kata_889,0
kata_890,0
kata_891,0
kata_892,0
kata_893,0
kata_894,0
kata_895,0
kata_896,0
kata_897,0
kata_898,0
kata_899,0
kata_900,0
kata_901,0
kata_902,0
kata_903,0
kata_904,0
kata_905,0
kata_906,0
kata_907,0
kata_908,0
kata_909,0
kata_910,0
kata_911,0
kata_912,0
kata_913,0
kata_914,0
kata_915,0
kata_916,0
kata_917,0
kata_918,0
kata_919,0
kata_920,0
kata_921,0
kata_922,0
kata_923,0
kata_924,0
kata_925,0
kata_926,0
kata_927,0
kata_928,0
kata_929,0
kata_930,0
kata_931,0
kata_932,0
kata_933,0
kata_934,0
kata_935,0
kata_936,0
kata_937,0
kata_938,0
kata_939,0
kata_940,0
kata_941,0
kata_942,0
kata_943,0
kata_944,0
kata_945,0
kata_946,0
kata_947,0
kata_948,0
kata_949,0
kata_950,0
kata_951,0
kata_952,0
kata_953,0
kata_954,0
kata_955,0
kata_956,0
kata_957,0
kata_958,0
kata_959,0
kata_960,0
kata_961,0
kata_962,0
kata_963,0
kata_964,0
kata_965,0
kata_966,0
kata_967,0
kata_968,0
kata_969,0
kata_970,0
kata_971,0
kata_972,0
kata_973,0
kata_974,0
kata_975,0
kata_976,0
kata_977,0
kata_978,0
kata_979,0
kata_980,0
kata_981,0
kata_982,0
kata_983,0
kata_984,0
kata_985,0
kata_986,0
kata_987,0
kata_988,0
kata_989,0
kata_990,0
kata_991,0
kata_992,0
kata_993,0
kata_994,0
kata_995,0
kata_996,0
kata_997,0
kata_998,0
kata_999,0
kata_1000,0
kata_1001,0
kata_1002,0
kata_1003,0
kata_1004,0
kata_1005,0
kata_1006,0
kata_1007,0
kata_1008,0
kata_1009,0
kata_1010,0
kata_1011,0
kata_1012,0
kata_1013,0
kata_1014,0
kata_1015,0
kata_1016,0
kata_1017,0
kata_1018,0
kata_1019,0
kata_1020,0
kata_1021,0
kata_1022,0
kata_1023,0
kata_1024,0
kata_1025,0
kata_1026,0
kata_1027,0
kata_1028,0
kata_1029,0
kata_1030,0
kata_1031,0
kata_1032,0
kata_1033,0
kata_1034,0
kata_1035,0
kata_1036,0
kata_1037,0
kata_1038,0
kata_1039,0
kata_1040,0
kata_1041,0
kata_1042,0
kata_1043,0
kata_1044,0
kata_1045,0
kata_1046,0
kata_1047,0
kata_1048,0
kata_1049,0
kata_1050,0
kata_1051,0
kata_1052,0
kata_1053,0
kata_1054,0
kata_1055,0
kata_1056,0
kata_1057,0
kata_1058,0
kata_1059,0
kata_1060,0
kata_1061,0
kata_1062,0
kata_1063,0
kata_1064,0
kata_1065,0
kata_1066,0
kata_1067,0
kata_1068,0
kata_1069,0
kata_1070,0
kata_1071,0
kata_1072,0
kata_1073,0
kata_1074,0
kata_1075,0
kata_1076,0
kata_1077,0
kata_1078,0
kata_1079,0
kata_1080,0
kata_1081,0
kata_1082,0
kata_1083,0
kata_1084,0
kata_1085,0
kata_1086,0
kata_1087,0
kata_1088,0
kata_1089,0
kata_1090,0
kata_1091,0
kata_1092,0
kata_1093,0
kata_1094,0
kata_1095,0
kata_1096,0
kata_1097,0
kata_1098,0
kata_1099,0
kata_1100,0
kata_1101,0
kata_1102,0
kata_1103,0
kata_1104,0
kata_1105,0
kata_1106,0
kata_1107,0
kata_1108,0
kata_1109,0
kata_1110,0
kata_1111,0
kata_1112,0
kata_1113,0
kata_1114,0
kata_1115,0
kata_1116,0
kata_1117,0
kata_1118,0
kata_1119,0
kata_1120,0
kata_1121,0
kata_1122,0
kata_1123,0
kata_1124,0
kata_1125,0
kata_1126,0
kata_1127,0
kata_1128,0
kata_1129,0
kata_1130,0
kata_1131,0
kata_1132,0
kata_1133,0
kata_1134,0
kata_1135,0
kata_1136,0
kata_1137,0
kata_1138,0
kata_1139,0
kata_1140,0
kata_1141,0
kata_1142,0
kata_1143,0
kata_1144,0
kata_1145,0
kata_1146,0
kata_1147,0
kata_1148,0
kata_1149,0
kata_1150,0
kata_1151,0
kata_1152,0
kata_1153,0
kata_1154,0
kata_1155,0
kata_1156,0
kata_1157,0
kata_1158,0
kata_1159,0
kata_1160,0
kata_1161,0
kata_1162,0
kata_1163,0
kata_1164,0
kata_1165,0
kata_1166,0
kata_1167,0
kata_1168,0
kata_1169,0
kata_1170,0
kata_1171,0
kata_1172,0
kata_1173,0
kata_1174,0
kata_1175,0
kata_1176,0
kata_1177,0
kata_1178,0
kata_1179,0
kata_1180,0
kata_1181,0
kata_1182,0
kata_1183,0
kata_1184,0
kata_1185,0
kata_1186,0
kata_1187,0
kata_1188,0
kata_1189,0
kata_1190,0
kata_1191,0
kata_1192,0
kata_1193,0
kata_1194,0
kata_1195,0
kata_1196,0
kata_1197,0
kata_1198,0
kata_1199,0
kata_1200,0
kata_1201,0
kata_1202,0
kata_1203,0
kata_1204,0
kata_1205,0
kata_1206,0
kata_1207,0
kata_1208,0
kata_1209,0
kata_1210,0
kata_1211,0
kata_1212,0
kata_1213,0
kata_1214,0
kata_1215,0
kata_1216,0
kata_1217,0
kata_1218,0
kata_1219,0
kata_1220,0
kata_1221,0
kata_1222,0
kata_1223,0
kata_1224,0
kata_1225,0
kata_1226,0
kata_1227,0
kata_1228,0
kata_1229,0
kata_1230,0
kata_1231,0
kata_1232,0
kata_1233,0
kata_1234,0
kata_1235,0
kata_1236,0
kata_1237,0
kata_1238,0
kata_1239,0
kata_1240,0
kata_1241,0
kata_1242,0
kata_1243,0
kata_1244,0
kata_1245,0
kata_1246,0
kata_1247,0
kata_1248,0
kata_1249,0
kata_1250,0
kata_1251,0
kata_1252,0
kata_1253,0
kata_1254,0
kata_1255,0
kata_1256,0
kata_1257,0
kata_1258,0
kata_1259,0
kata_1260,0
kata_1261,0
kata_1262,0
kata_1263,0
kata_1264,0
kata_1265,0
kata_1266,0
kata_1267,0
kata_1268,0
kata_1269,0
kata_1270,0
kata_1271,0
kata_1272,0
kata_1273,0
kata_1274,0
kata_1275,0
kata_1276,0
kata_1277,0
kata_1278,0
kata_1279,0
kata_1280,0
kata_1281,0
kata_1282,0
kata_1283,0
kata_1284,0
kata_1285,0
kata_1286,0
kata_1287,0
kata_1288,0
kata_1289,0
kata_1290,0
kata_1291,0
kata_1292,0
kata_1293,0
kata_1294,0
kata_1295,0
kata_1296,0
kata_1297,0
kata_1298,0
kata_1299,0
kata_1300,0
kata_1301,0
kata_1302,0
kata_1303,0
kata_1304,0
kata_1305,0
kata_1306,0
kata_1307,0
kata_1308,0
kata_1309,0
kata_1310,0
kata_1311,0
kata_1312,0
kata_1313,0
kata_1314,0
kata_1315,0
kata_1316,0
kata_1317,0
kata_1318,0
kata_1319,0
kata_1320,0
kata_1321,0
kata_1322,0
kata_1323,0
kata_1324,0
kata_1325,0
kata_1326,0
kata_1327,0
kata_1328,0
kata_1329,0
kata_1330,0
kata_1331,0
kata_1332,0
kata_1333,0
kata_1334,0
kata_1335,0
kata_1336,0
kata_1337,0
kata_1338,0
kata_1339,0
kata_1340,0
kata_1341,0
kata_1342,0
kata_1343,0
kata_1344,0
kata_1345,0
kata_1346,0
kata_1347,0
kata_1348,0
kata_1349,0
kata_1350,0
kata_1351,0
kata_1352,0
kata_1353,0
kata_1354,0
kata_1355,0
kata_1356,0
kata_1357,0
kata_1358,0
kata_1359,0
kata_1360,0
kata_1361,0
kata_1362,0
kata_1363,0
kata_1364,0
kata_1365,0
kata_1366,0
kata_1367,0
kata_1368,0
kata_1369,0
kata_1370,0
kata_1371,0
kata_1372,0
kata_1373,0
kata_1374,0
kata_1375,0
kata_1376,0
kata_1377,0
kata_1378,0
kata_1379,0
kata_1380,0
kata_1381,0
kata_1382,0
kata_1383,0
kata_1384,0
kata_1385,0
kata_1386,0
kata_1387,0
kata_1388,0
kata_1389,0
kata_1390,0
kata_1391,0
kata_1392,0
kata_1393,0
kata_1394,0
kata_1395,0
kata_1396,0
kata_1397,0
kata_1398,0
kata_1399,0
kata_1400,0
kata_1401,0
kata_1402,0
kata_1403,0
kata_1404,0
kata_1405,0
kata_1406,0
kata_1407,0
kata_1408,0
kata_1409,0
kata_1410,0
kata_1411,0
kata_1412,0
kata_1413,0
kata_1414,0
kata_1415,0
kata_1416,0
kata_1417,0
kata_1418,0
kata_1419,0
kata_1420,0
kata_1421,0
kata_1422,0
kata_1423,0
kata_1424,0
kata_1425,0
kata_1426,0
kata_1427,0
kata_1428,0
kata_1429,0
kata_1430,0
kata_1431,0
kata_1432,0
kata_1433,0
kata_1434,0
kata_1435,0
kata_1436,0
kata_1437,0
kata_1438,0
kata_1439,0
kata_1440,0
kata_1441,0
kata_1442,0
kata_1443,0
kata_1444,0
kata_1445,0
kata_1446,0
kata_1447,0
kata_1448,0
kata_1449,0
kata_1450,0
kata_1451,0
kata_1452,0
kata_1453,0
kata_1454,0
kata_1455,0
kata_1456,0
kata_1457,0
kata_1458,0
kata_1459,0
kata_1460,0
kata_1461,0
kata_1462,0
kata_1463,0
kata_1464,0
kata_1465,0
kata_1466,0
kata_1467,0
kata_1468,0
kata_1469,0
kata_1470,0
kata_1471,0
kata_1472,0
kata_1473,0
kata_1474,0
kata_1475,0
kata_1476,0
kata_1477,0
kata_1478,0
kata_1479,0
kata_1480,0
kata_1481,0
kata_1482,0
kata_1483,0
kata_1484,0
kata_1485,0
kata_1486,0
kata_1487,0
kata_1488,0
kata_1489,0
kata_1490,0
kata_1491,0
kata_1492,0
kata_1493,0
kata_1494,0
kata_1495,0
kata_1496,0
kata_1497,0
kata_1498,0
kata_1499,0
kata_1500,0
kata_1501,0
kata_1502,0
kata_1503,0
kata_1504,0
kata_1505,0
kata_1506,0
kata_1507,0
kata_1508,0
kata_1509,0
kata_1510,0
kata_1511,0
kata_1512,0
kata_1513,0
kata_1514,0
kata_1515,0
kata_1516,0
kata_1517,0
kata_1518,0
kata_1519,0
kata_1520,0
kata_1521,0
kata_1522,0
kata_1523,0
kata_1524,0
kata_1525,0
kata_1526,0
kata_1527,0
kata_1528,0
kata_1529,0
kata_1530,0
kata_1531,0
kata_1532,0
kata_1533,0
kata_1534,0
kata_1535,0
kata_1536,0
kata_1537,0
kata_1538,0
kata_1539,0
kata_1540,0
kata_1541,0
kata_1542,0
kata_1543,0
kata_1544,0
kata_1545,0
kata_1546,0
kata_1547,0
kata_1548,0
kata_1549,0
kata_1550,0
kata_1551,0
kata_1552,0
kata_1553,0
kata_1554,0
kata_1555,0
kata_1556,0
kata_1557,0
kata_1558,0
kata_1559,0
kata_1560,0
kata_1561,0
kata_1562,0
kata_1563,0
kata_1564,0
kata_1565,0
kata_1566,0
kata_1567,0
kata_1568,0
kata_1569,0
kata_1570,0
kata_1571,0
kata_1572,0
kata_1573,0
kata_1574,0
kata_1575,0
kata_1576,0
kata_1577,0
kata_1578,0
kata_1579,0
kata_1580,0
kata_1581,0
kata_1582,0
kata_1583,0
kata_1584,0
kata_1585,0
kata_1586,0
kata_1587,0
kata_1588,0
kata_1589,0
kata_1590,0
kata_1591,0
kata_1592,0
kata_1593,0
kata_1594,0
kata_1595,0
kata_1596,0
kata_1597,0
kata_1598,0
kata_1599,0
kata_1600,0
kata_1601,0
kata_1602,0
kata_1603,0
kata_1604,0
kata_1605,0
kata_1606,0
kata_1607,0
kata_1608,0
kata_1609,0
kata_1610,0
kata_1611,0
kata_1612,0
kata_1613,0
kata_1614,0
kata_1615,0
kata_1616,0
kata_1617,0
kata_1618,0
kata_1619,0
kata_1620,0
kata_1621,0
kata_1622,0
kata_1623,0
kata_1624,0
kata_1625,0
kata_1626,0
kata_1627,0
kata_1628,0
kata_1629,0
kata_1630,0
kata_1631,0
kata_1632,0
kata_1633,0
kata_1634,0
kata_1635,0
kata_1636,0
kata_1637,0
kata_1638,0
kata_1639,0
kata_1640,0
kata_1641,0
kata_1642,0
kata_1643,0
kata_1644,0
kata_1645,0
kata_1646,0
kata_1647,0
kata_1648,0
kata_1649,0
kata_1650,0
kata_1651,0
kata_1652,0
kata_1653,0
kata_1654,0
kata_1655,0
kata_1656,0
kata_1657,0
kata_1658,0
kata_1659,0
kata_1660,0
kata_1661,0
kata_1662,0
kata_1663,0
kata_1664,0
kata_1665,0
kata_1666,0
kata_1667,0
kata_1668,0
kata_1669,0
kata_1670,0
kata_1671,0
kata_1672,0
kata_1673,0
kata_1674,0
kata_1675,0
kata_1676,0
kata_1677,0
kata_1678,0
kata_1679,0
kata_1680,0
kata_1681,0
kata_1682,0
kata_1683,0
kata_1684,0
kata_1685,0
kata_1686,0
kata_1687,0
kata_1688,0
kata_1689,0
kata_1690,0
kata_1691,0
kata_1692,0
kata_1693,0
kata_1694,0
kata_1695,0
kata_1696,0
kata_1697,0
kata_1698,0
kata_1699,0
kata_1700,0
kata_1701,0
kata_1702,0
kata_1703,0
kata_1704,0
kata_1705,0
kata_1706,0
kata_1707,0
kata_1708,0
kata_1709,0
kata_1710,0
kata_1711,0
kata_1712,0
kata_1713,0
kata_1714,0
kata_1715,0
kata_1716,0
kata_1717,0
kata_1718,0
kata_1719,0
kata_1720,0
kata_1721,0
kata_1722,0
kata_1723,0
kata_1724,0
kata_1725,0
kata_1726,0
kata_1727,0
kata_1728,0
kata_1729,0
kata_1730,0
kata_1731,0
kata_1732,0
kata_1733,0
kata_1734,0
kata_1735,0
kata_1736,0
kata_1737,0
kata_1738,0
kata_1739,0
kata_1740,0
kata_1741,0
kata_1742,0
kata_1743,0
kata_1744,0
kata_1745,0
kata_1746,0
kata_1747,0
kata_1748,0
kata_1749,0
kata_1750,0
kata_1751,0
kata_1752,0
kata_1753,0
kata_1754,0
kata_1755,0
kata_1756,0
kata_1757,0
kata_1758,0
kata_1759,0
kata_1760,0
kata_1761,0
kata_1762,0
kata_1763,0
kata_1764,0
kata_1765,0
kata_1766,0
kata_1767,0
kata_1768,0
kata_1769,0
kata_1770,0
kata_1771,0
kata_1772,0
kata_1773,0
kata_1774,0
kata_1775,0
kata_1776,0
kata_1777,0
kata_1778,0
kata_1779,0
kata_1780,0
kata_1781,0
kata_1782,0
kata_1783,0
kata_1784,0
kata_1785,0
kata_1786,0
kata_1787,0
kata_1788,0
kata_1789,0
kata_1790,0
kata_1791,0
kata_1792,0
kata_1793,0
kata_1794,0
kata_1795,0
kata_1796,0
kata_1797,0
kata_1798,0
kata_1799,0
kata_1800,0
kata_1801,0
kata_1802,0
kata_1803,0
kata_1804,0
kata_1805,0
kata_1806,0
kata_1807,0
kata_1808,0
kata_1809,0
kata_1810,0
kata_1811,0
kata_1812,0
kata_1813,0
kata_1814,0
kata_1815,0
kata_1816,0
kata_1817,0
kata_1818,0
kata_1819,0
kata_1820,0
kata_1821,0
kata_1822,0
kata_1823,0
kata_1824,0
kata_1825,0
kata_1826,0
kata_1827,0
kata_1828,0
kata_1829,0
kata_1830,0
kata_1831,0
kata_1832,0
kata_1833,0
kata_1834,0
kata_1835,0
kata_1836,0
kata_1837,0
kata_1838,0
kata_1839,0
kata_1840,0
kata_1841,0
kata_1842,0
kata_1843,0
kata_1844,0
kata_1845,0
kata_1846,0
kata_1847,0
kata_1848,0
kata_1849,0
kata_1850,0
kata_1851,0
kata_1852,0
kata_1853,0
kata_1854,0
kata_1855,0
kata_1856,0
kata_1857,0
kata_1858,0
kata_1859,0
kata_1860,0
kata_1861,0
kata_1862,0
kata_1863,0
kata_1864,0
kata_1865,0
kata_1866,0
kata_1867,0
kata_1868,0
kata_1869,0
kata_1870,0
kata_1871,0
kata_1872,0
kata_1873,0
kata_1874,0
kata_1875,0
kata_1876,0
kata_1877,0
kata_1878,0
kata_1879,0
kata_1880,0
kata_1881,0
kata_1882,0
kata_1883,0
kata_1884,0
kata_1885,0
kata_1886,0
kata_1887,0
kata_1888,0
kata_1889,0
kata_1890,0
kata_1891,0
kata_1892,0
kata_1893,0
kata_1894,0
kata_1895,0
kata_1896,0
kata_1897,0
kata_1898,0
kata_1899,0
kata_1900,0
kata_1901,0
kata_1902,0
kata_1903,0
kata_1904,0
kata_1905,0
kata_1906,0
kata_1907,0
kata_1908,0
kata_1909,0
kata_1910,0
kata_1911,0
kata_1912,0
kata_1913,0
kata_1914,0
kata_1915,0
kata_1916,0
kata_1917,0
kata_1918,0
kata_1919,0
kata_1920,0
kata_1921,0
kata_1922,0
kata_1923,0
kata_1924,0
kata_1925,0
kata_1926,0
kata_1927,0
kata_1928,0
kata_1929,0
kata_1930,0
kata_1931,0
kata_1932,0
kata_1933,0
kata_1934,0
kata_1935,0
kata_1936,0
kata_1937,0
kata_1938,0
kata_1939,0
kata_1940,0
kata_1941,0
kata_1942,0
kata_1943,0
kata_1944,0
kata_1945,0
kata_1946,0
kata_1947,0
kata_1948,0
kata_1949,0
kata_1950,0
kata_1951,0
kata_1952,0
kata_1953,0
kata_1954,0
kata_1955,0
kata_1956,0
kata_1957,0
kata_1958,0
kata_1959,0
kata_1960,0
kata_1961,0
kata_1962,0
kata_1963,0
kata_1964,0
kata_1965,0
kata_1966,0
kata_1967,0
kata_1968,0
kata_1969,0
kata_1970,0
kata_1971,0
kata_1972,0
kata_1973,0
kata_1974,0
kata_1975,0
kata_1976,0
kata_1977,0
kata_1978,0
kata_1979,0
kata_1980,0
kata_1981,0
kata_1982,0
kata_1983,0
kata_1984,0
kata_1985,0
kata_1986,0
kata_1987,0
kata_1988,0
kata_1989,0
kata_1990,0
kata_1991,0
kata_1992,0
kata_1993,0
kata_1994,0
kata_1995,0
kata_1996,0
kata_1997,0
kata_1998,0
kata_1999,0
kata_2000,0
kata_2001,0
kata_2002,0
kata_2003,0
kata_2004,0
kata_2005,0
kata_2006,0
kata_2007,0
kata_2008,0
kata_2009,0
kata_2010,0
kata_2011,0
kata_2012,0
kata_2013,0
kata_2014,0
kata_2015,0
kata_2016,0
kata_2017,0
kata_2018,0
kata_2019,0
kata_2020,0
kata_2021,0
kata_2022,0
kata_2023,0
kata_2024,0
kata_2025,0
kata_2026,0
kata_2027,0
kata_2028,0
kata_2029,0
kata_2030,0
kata_2031,0
kata_2032,0
kata_2033,0
kata_2034,0
kata_2035,0
kata_2036,0
kata_2037,0
kata_2038,0
kata_2039,0
kata_2040,0
kata_2041,0
kata_2042,0
kata_2043,0
kata_2044,0
kata_2045,0
kata_2046,0
kata_2047,0
kata_2048,0
kata_2049,0
kata_2050,0
kata_2051,0
kata_2052,0
kata_2053,0
kata_2054,0
kata_2055,0
kata_2056,0
kata_2057,0
kata_2058,0
kata_2059,0
kata_2060,0
kata_2061,0
kata_2062,0
kata_2063,0
kata_2064,0
kata_2065,0
kata_2066,0
kata_2067,0
kata_2068,0
kata_2069,0
kata_2070,0
kata_2071,0
kata_2072,0
kata_2073,0
kata_2074,0
kata_2075,0
kata_2076,0
kata_2077,0
kata_2078,0
kata_2079,0
kata_2080,0
kata_2081,0
kata_2082,0
kata_2083,0
kata_2084,0
kata_2085,0
kata_2086,0
kata_2087,0
kata_2088,0
kata_2089,0
kata_2090,0
kata_2091,0
kata_2092,0
kata_2093,0
kata_2094,0
kata_2095,0
kata_2096,0
kata_2097,0
kata_2098,0
kata_2099,0
kata_2100,0
kata_2101,0
kata_2102,0
kata_2103,0
kata_2104,0
kata_2105,0
kata_2106,0
kata_2107,0
kata_2108,0
kata_2109,0
kata_2110,0
kata_2111,0
kata_2112,0
kata_2113,0
kata_2114,0
kata_2115,0
kata_2116,0
kata_2117,0
kata_2118,0
kata_2119,0
kata_2120,0
kata_2121,0
kata_2122,0
kata_2123,0
kata_2124,0
kata_2125,0
kata_2126,0
kata_2127,0
kata_2128,0
kata_2129,0
kata_2130,0
kata_2131,0
kata_2132,0
kata_2133,0
kata_2134,0
kata_2135,0
kata_2136,0
kata_2137,0
kata_2138,0
kata_2139,0
kata_2140,0
kata_2141,0
kata_2142,0
kata_2143,0
kata_2144,0
kata_2145,0
kata_2146,0
kata_2147,0
kata_2148,0
kata_2149,0
kata_2150,0
kata_2151,0
kata_2152,0
kata_2153,0
kata_2154,0
kata_2155,0
kata_2156,0
kata_2157,0
kata_2158,0
kata_2159,0
kata_2160,0
kata_2161,0
kata_2162,0
kata_2163,0
kata_2164,0
kata_2165,0
kata_2166,0
kata_2167,0
kata_2168,0
kata_2169,0
kata_2170,0
kata_2171,0
kata_2172,0
kata_2173,0
kata_2174,0
kata_2175,0
kata_2176,0
kata_2177,0
kata_2178,0
kata_2179,0
kata_2180,0
kata_2181,0
kata_2182,0
kata_2183,0
kata_2184,0
kata_2185,0
kata_2186,0
kata_2187,0
kata_2188,0
kata_2189,0
kata_2190,0
kata_2191,0
kata_2192,0
kata_2193,0
kata_2194,0
kata_2195,0
kata_2196,0
kata_2197,0
kata_2198,0
kata_2199,0
kata_2200,0
kata_2201,0
kata_2202,0
kata_2203,0
kata_2204,0
kata_2205,0
kata_2206,0
kata_2207,0
kata_2208,0
kata_2209,0
kata_2210,0
kata_2211,0
kata_2212,0
kata_2213,0
kata_2214,0
kata_2215,0
kata_2216,0
kata_2217,0
kata_2218,0
kata_2219,0
kata_2220,0
kata_2221,0
kata_2222,0
kata_2223,0
kata_2224,0
kata_2225,0
kata_2226,0
kata_2227,0
kata_2228,0
kata_2229,0
kata_2230,0
kata_2231,0
kata_2232,0
kata_2233,0
kata_2234,0
kata_2235,0
kata_2236,0
kata_2237,0
kata_2238,0
kata_2239,0
kata_2240,0
kata_2241,0
kata_2242,0
kata_2243,0
kata_2244,0
kata_2245,0
kata_2246,0
kata_2247,0
kata_2248,0
kata_2249,0
kata_2250,0
kata_2251,0
kata_2252,0
kata_2253,0
kata_2254,0
kata_2255,0
kata_2256,0
kata_2257,0
kata_2258,0
kata_2259,0
kata_2260,0
kata_2261,0
kata_2262,0
kata_2263,0
kata_2264,0
kata_2265,0
kata_2266,0
kata_2267,0
kata_2268,0
kata_2269,0
kata_2270,0
kata_2271,0
kata_2272,0
kata_2273,0
kata_2274,0
kata_2275,0
kata_2276,0
kata_2277,0
kata_2278,0
kata_2279,0
kata_2280,0
kata_2281,0
kata_2282,0
kata_2283,0
kata_2284,0
kata_2285,0
kata_2286,0
kata_2287,0
kata_2288,0
kata_2289,0
kata_2290,0
kata_2291,0
kata_2292,0
kata_2293,0
kata_2294,0
kata_2295,0
kata_2296,0
kata_2297,0
kata_2298,0
kata_2299,0
kata_2300,0
kata_2301,0
kata_2302,0
kata_2303,0
kata_2304,0
kata_2305,0
kata_2306,0
kata_2307,0
kata_2308,0
kata_2309,0
kata_2310,0
kata_2311,0
kata_2312,0
kata_2313,0
kata_2314,0
kata_2315,0
kata_2316,0
kata_2317,0
kata_2318,0
kata_2319,0
kata_2320,0
kata_2321,0
kata_2322,0
kata_2323,0
kata_2324,0
kata_2325,0
kata_2326,0
kata_2327,0
kata_2328,0
kata_2329,0
kata_2330,0
kata_2331,0
kata_2332,0
kata_2333,0
kata_2334,0
kata_2335,0
kata_2336,0
kata_2337,0
kata_2338,0
kata_2339,0
kata_2340,0
kata_2341,0
kata_2342,0
kata_2343,0
kata_2344,0
kata_2345,0
kata_2346,0
kata_2347,0
kata_2348,0
kata_2349,0
kata_2350,0
kata_2351,0
kata_2352,0
kata_2353,0
kata_2354,0
kata_2355,0
kata_2356,0
kata_2357,0
kata_2358,0
kata_2359,0
kata_2360,0
kata_2361,0
kata_2362,0
kata_2363,0
kata_2364,0
kata_2365,0
kata_2366,0
kata_2367,0
kata_2368,0
kata_2369,0
kata_2370,0
kata_2371,0
kata_2372,0
kata_2373,0
kata_2374,0
kata_2375,0
kata_2376,0
kata_2377,0
kata_2378,0
kata_2379,0
kata_2380,0
kata_2381,0
kata_2382,0
kata_2383,0
kata_2384,0
kata_2385,0
kata_2386,0
kata_2387,0
kata_2388,0
kata_2389,0
kata_2390,0
kata_2391,0
kata_2392,0
kata_2393,0
kata_2394,0
kata_2395,0
kata_2396,0
kata_2397,0
kata_2398,0
kata_2399,0
kata_2400,0
kata_2401,0
kata_2402,0
kata_2403,0
kata_2404,0
kata_2405,0
kata_2406,0
kata_2407,0
kata_2408,0
kata_2409,0
kata_2410,0
kata_2411,0
kata_2412,0
kata_2413,0
kata_2414,0
kata_2415,0
kata_2416,0
kata_2417,0
kata_2418,0
kata_2419,0
kata_2420,0
kata_2421,0
kata_2422,0
kata_2423,0
kata_2424,0
kata_2425,0
kata_2426,0
kata_2427,0
kata_2428,0
kata_2429,0
kata_2430,0
kata_2431,0
kata_2432,0
kata_2433,0
kata_2434,0
kata_2435,0
kata_2436,0
kata_2437,0
kata_2438,0
kata_2439,0
kata_2440,0
kata_2441,0
kata_2442,0
kata_2443,0
kata_2444,0
kata_2445,0
kata_2446,0
kata_2447,0
kata_2448,0
kata_2449,0
kata_2450,0
kata_2451,0
kata_2452,0
kata_2453,0
kata_2454,0
kata_2455,0
kata_2456,0
kata_2457,0
kata_2458,0
kata_2459,0
kata_2460,0
kata_2461,0
kata_2462,0
kata_2463,0
kata_2464,0
kata_2465,0
kata_2466,0
kata_2467,0
kata_2468,0
kata_2469,0
kata_2470,0
kata_2471,0
kata_2472,0
kata_2473,0
kata_2474,0
kata_2475,0
kata_2476,0
kata_2477,0
kata_2478,0
kata_2479,0
kata_2480,0
kata_2481,0
kata_2482,0
kata_2483,0
kata_2484,0
kata_2485,0
kata_2486,0
kata_2487,0
kata_2488,0
kata_2489,0
kata_2490,0
kata_2491,0
kata_2492,0
kata_2493,0
kata_2494,0
kata_2495,0
kata_2496,0
kata_2497,0
kata_2498,0
kata_2499,0
kata_2500,0
kata_2501,0
kata_2502,0
kata_2503,0
kata_2504,0
kata_2505,0
kata_2506,0
kata_2507,0
kata_2508,0
kata_2509,0
kata_2510,0
kata_2511,0
kata_2512,0
kata_2513,0
kata_2514,0
kata_2515,0
kata_2516,0
kata_2517,0
kata_2518,0
kata_2519,0
kata_2520,0
kata_2521,0
kata_2522,0
kata_2523,0
kata_2524,0
kata_2525,0
kata_2526,0
kata_2527,0
kata_2528,0
kata_2529,0
kata_2530,0
kata_2531,0
kata_2532,0
kata_2533,0
kata_2534,0
kata_2535,0
kata_2536,0
kata_2537,0
kata_2538,0
kata_2539,0
kata_2540,0
kata_2541,0
kata_2542,0
kata_2543,0
kata_2544,0
kata_2545,0
kata_2546,0
kata_2547,0
kata_2548,0
kata_2549,0
kata_2550,0
kata_2551,0
kata_2552,0
kata_2553,0
kata_2554,0
kata_2555,0
kata_2556,0
kata_2557,0
kata_2558,0
kata_2559,0
kata_2560,0
kata_2561,0
kata_2562,0
kata_2563,0
kata_2564,0
kata_2565,0
kata_2566,0
kata_2567,0
kata_2568,0
kata_2569,0
kata_2570,0
kata_2571,0
kata_2572,0
kata_2573,0
kata_2574,0
kata_2575,0
kata_2576,0
kata_2577,0
kata_2578,0
kata_2579,0
kata_2580,0
kata_2581,0
kata_2582,0
kata_2583,0
kata_2584,0
kata_2585,0
kata_2586,0
kata_2587,0
kata_2588,0
kata_2589,0
kata_2590,0
kata_2591,0
kata_2592,0
kata_2593,0
kata_2594,0
kata_2595,0
kata_2596,0
kata_2597,0
kata_2598,0
kata_2599,0
kata_2600,0
kata_2601,0
kata_2602,0
kata_2603,0
kata_2604,0
kata_2605,0
kata_2606,0
kata_2607,0
kata_2608,0
kata_2609,0
kata_2610,0
kata_2611,0
kata_2612,0
kata_2613,0
kata_2614,0
kata_2615,0
kata_2616,0
kata_2617,0
kata_2618,0
kata_2619,0
kata_2620,0
kata_2621,0
kata_2622,0
kata_2623,0
kata_2624,0
kata_2625,0
kata_2626,0
kata_2627,0
kata_2628,0
kata_2629,0
kata_2630,0
kata_2631,0
kata_2632,0
kata_2633,0
kata_2634,0
kata_2635,0
kata_2636,0
kata_2637,0
kata_2638,0
kata_2639,0
kata_2640,0
kata_2641,0
kata_2642,0
kata_2643,0
kata_2644,0
kata_2645,0
kata_2646,0
kata_2647,0
kata_2648,0
kata_2649,0
kata_2650,0
kata_2651,0
kata_2652,0
kata_2653,0
kata_2654,0
kata_2655,0
kata_2656,0
kata_2657,0
kata_2658,0
kata_2659,0
kata_2660,0
kata_2661,0
kata_2662,0
kata_2663,0
kata_2664,0
kata_2665,0
kata_2666,0
kata_2667,0
kata_2668,0
kata_2669,0
kata_2670,0
kata_2671,0
kata_2672,0
kata_2673,0
kata_2674,0
kata_2675,0
kata_2676,0
kata_2677,0
kata_2678,0
kata_2679,0
kata_2680,0
kata_2681,0
kata_2682,0
kata_2683,0
kata_2684,0
kata_2685,0
kata_2686,0
kata_2687,0
kata_2688,0
kata_2689,0
kata_2690,0
kata_2691,0
kata_2692,0
kata_2693,0
kata_2694,0
kata_2695,0
kata_2696,0
kata_2697,0
kata_2698,0
kata_2699,0
kata_2700,0
kata_2701,0
kata_2702,0
kata_2703,0
kata_2704,0
kata_2705,0
kata_2706,0
kata_2707,0
kata_2708,0
kata_2709,0
kata_2710,0
kata_2711,0
kata_2712,0
kata_2713,0
kata_2714,0
kata_2715,0
kata_2716,0
kata_2717,0
kata_2718,0
kata_2719,0
kata_2720,0
kata_2721,0
kata_2722,0
kata_2723,0
kata_2724,0
kata_2725,0
kata_2726,0
kata_2727,0
kata_2728,0
kata_2729,0
kata_2730,0
kata_2731,0
kata_2732,0
kata_2733,0
kata_2734,0
kata_2735,0
kata_2736,0
kata_2737,0
kata_2738,0
kata_2739,0
kata_2740,0
kata_2741,0
kata_2742,0
kata_2743,0
kata_2744,0
kata_2745,0
kata_2746,0
kata_2747,0
kata_2748,0
kata_2749,0
kata_2750,0
kata_2751,0
kata_2752,0
kata_2753,0
kata_2754,0
kata_2755,0
kata_2756,0
kata_2757,0
kata_2758,0
kata_2759,0
kata_2760,0
kata_2761,0
kata_2762,0
kata_2763,0
kata_2764,0
kata_2765,0
kata_2766,0
kata_2767,0
kata_2768,0
kata_2769,0
kata_2770,0
kata_2771,0
kata_2772,0
kata_2773,0
kata_2774,0
kata_2775,0
kata_2776,0
kata_2777,0
kata_2778,0
kata_2779,0
kata_2780,0
kata_2781,0
kata_2782,0
kata_2783,0
kata_2784,0
kata_2785,0
kata_2786,0
kata_2787,0
kata_2788,0
kata_2789,0
kata_2790,0
kata_2791,0
kata_2792,0
kata_2793,0
kata_2794,0
kata_2795,0
kata_2796,0
kata_2797,0
kata_2798,0
kata_2799,0
kata_2800,0
kata_2801,0
kata_2802,0
kata_2803,0
kata_2804,0
kata_2805,0
kata_2806,0
kata_2807,0
kata_2808,0
kata_2809,0
kata_2810,0
kata_2811,0
kata_2812,0
kata_2813,0
kata_2814,0
kata_2815,0
kata_2816,0
kata_2817,0
kata_2818,0
kata_2819,0
kata_2820,0
kata_2821,0
kata_2822,0
kata_2823,0
kata_2824,0
kata_2825,0
kata_2826,0
kata_2827,0
kata_2828,0
kata_2829,0
kata_2830,0
kata_2831,0
kata_2832,0
kata_2833,0
kata_2834,0
kata_2835,0
kata_2836,0
kata_2837,0
kata_2838,0
kata_2839,0
kata_2840,0
kata_2841,0
kata_2842,0
kata_2843,0
kata_2844,0
kata_2845,0
kata_2846,0
kata_2847,0
kata_2848,0
kata_2849,0
kata_2850,0
kata_2851,0
kata_2852,0
kata_2853,0
kata_2854,0
kata_2855,0
kata_2856,0
kata_2857,0
kata_2858,0
kata_2859,0
kata_2860,0
kata_2861,0
kata_2862,0
kata_2863,0
kata_2864,0
kata_2865,0
kata_2866,0
kata_2867,0
kata_2868,0
kata_2869,0
kata_2870,0
kata_2871,0
kata_2872,0
kata_2873,0
kata_2874,0
kata_2875,0
kata_2876,0
kata_2877,0
kata_2878,0
kata_2879,0
kata_2880,0
kata_2881,0
kata_2882,0
kata_2883,0
kata_2884,0
kata_2885,0
kata_2886,0
kata_2887,0
kata_2888,0
kata_2889,0
kata_2890,0
kata_2891,0
kata_2892,0
kata_2893,0
kata_2894,0
kata_2895,0
kata_2896,0
kata_2897,0
kata_2898,0
kata_2899,0
kata_2900,0
kata_2901,0
kata_2902,0
kata_2903,0
kata_2904,0
kata_2905,0
kata_2906,0
kata_2907,0
kata_2908,0
kata_2909,0
kata_2910,0
kata_2911,0
kata_2912,0
kata_2913,0
kata_2914,0
kata_2915,0
kata_2916,0
kata_2917,0
kata_2918,0
kata_2919,0
kata_2920,0
kata_2921,0
kata_2922,0
kata_2923,0
kata_2924,0
kata_2925,0
kata_2926,0
kata_2927,0
kata_2928,0
kata_2929,0
kata_2930,0
kata_2931,0
kata_2932,0
kata_2933,0
kata_2934,0
kata_2935,0
kata_2936,0
kata_2937,0
kata_2938,0
kata_2939,0
kata_2940,0
kata_2941,0
kata_2942,0
kata_2943,0
kata_2944,0
kata_2945,0
kata_2946,0
kata_2947,0
kata_2948,0
kata_2949,0
kata_2950,0
kata_2951,0
kata_2952,0
kata_2953,0
kata_2954,0
kata_2955,0
kata_2956,0
kata_2957,0
kata_2958,0
kata_2959,0
kata_2960,0
kata_2961,0
kata_2962,0
kata_2963,0
kata_2964,0
kata_2965,0
kata_2966,0
kata_2967,0
kata_2968,0
kata_2969,0
kata_2970,0
kata_2971,0
kata_2972,0
kata_2973,0
kata_2974,0
kata_2975,0
kata_2976,0
kata_2977,0
kata_2978,0
kata_2979,0
kata_2980,0
kata_2981,0
kata_2982,0
kata_2983,0
kata_2984,0
kata_2985,0
kata_2986,0
kata_2987,0
kata_2988,0
kata_2989,0
kata_2990,0
kata_2991,0
kata_2992,0
kata_2993,0
kata_2994,0
kata_2995,0
kata_2996,0
kata_2997,0
kata_2998,0
kata_2999,0
kata_3000,0
kata_3001,0
kata_3002,0
kata_3003,0
kata_3004,0
kata_3005,0
kata_3006,0
kata_3007,0
kata_3008,0
kata_3009,0
kata_3010,0
kata_3011,0
kata_3012,0
kata_3013,0
kata_3014,0
kata_3015,0
kata_3016,0
kata_3017,0
kata_3018,0
kata_3019,0
kata_3020,0
kata_3021,0
kata_3022,0
kata_3023,0
kata_3024,0
kata_3025,0
kata_3026,0
kata_3027,0
kata_3028,0
kata_3029,0
kata_3030,0
kata_3031,0
kata_3032,0
kata_3033,0
kata_3034,0
kata_3035,0
kata_3036,0
kata_3037,0
kata_3038,0
kata_3039,0
kata_3040,0
kata_3041,0
kata_3042,0
kata_3043,0
kata_3044,0
kata_3045,0
kata_3046,0
kata_3047,0
kata_3048,0
kata_3049,0
kata_3050,0
kata_3051,0
kata_3052,0
kata_3053,0
kata_3054,0
kata_3055,0
kata_3056,0
kata_3057,0
kata_3058,0
kata_3059,0
kata_3060,0
kata_3061,0
kata_3062,0
kata_3063,0
kata_3064,0
kata_3065,0
kata_3066,0
kata_3067,0
kata_3068,0
kata_3069,0
kata_3070,0
kata_3071,0
kata_3072,0
kata_3073,0
kata_3074,0
kata_3075,0
kata_3076,0
kata_3077,0
kata_3078,0
kata_3079,0
kata_3080,0
kata_3081,0
kata_3082,0
kata_3083,0
kata_3084,0
kata_3085,0
kata_3086,0
kata_3087,0
kata_3088,0
kata_3089,0
kata_3090,0
kata_3091,0
kata_3092,0
kata_3093,0
kata_3094,0
kata_3095,0
kata_3096,0
kata_3097,0
kata_3098,0
kata_3099,0
kata_3100,0
kata_3101,0
kata_3102,0
kata_3103,0
kata_3104,0
kata_3105,0
kata_3106,0
kata_3107,0
kata_3108,0
kata_3109,0
kata_3110,0
kata_3111,0
kata_3112,0
kata_3113,0
kata_3114,0
kata_3115,0
kata_3116,0
kata_3117,0
kata_3118,0
kata_3119,0
kata_3120,0
kata_3121,0
kata_3122,0
kata_3123,0
kata_3124,0
kata_3125,0
kata_3126,0
kata_3127,0
kata_3128,0
kata_3129,0
kata_3130,0
kata_3131,0
kata_3132,0
kata_3133,0
kata_3134,0
kata_3135,0
kata_3136,0
kata_3137,0
kata_3138,0
kata_3139,0
kata_3140,0
kata_3141,0
kata_3142,0
kata_3143,0
kata_3144,0
kata_3145,0
kata_3146,0
kata_3147,0
kata_3148,0
kata_3149,0
kata_3150,0
kata_3151,0
kata_3152,0
kata_3153,0
kata_3154,0
kata_3155,0
kata_3156,0
kata_3157,0
kata_3158,0
kata_3159,0
kata_3160,0
kata_3161,0
kata_3162,0
kata_3163,0
kata_3164,0
kata_3165,0
kata_3166,0
kata_3167,0
kata_3168,0
kata_3169,0
kata_3170,0
kata_3171,0
kata_3172,0
kata_3173,0
kata_3174,0
kata_3175,0
kata_3176,0
kata_3177,0
kata_3178,0
kata_3179,0
kata_3180,0
kata_3181,0
kata_3182,0
kata_3183,0
kata_3184,0
kata_3185,0
kata_3186,0
kata_3187,0
kata_3188,0
kata_3189,0
kata_3190,0
kata_3191,0
kata_3192,0
kata_3193,0
kata_3194,0
kata_3195,0
kata_3196,0
kata_3197,0
kata_3198,0
kata_3199,0
kata_3200,0
kata_3201,0
kata_3202,0
kata_3203,0
kata_3204,0
kata_3205,0
kata_3206,0
kata_3207,0
kata_3208,0
kata_3209,0
kata_3210,0
kata_3211,0
kata_3212,0
kata_3213,0
kata_3214,0
kata_3215,0
kata_3216,0
kata_3217,0
kata_3218,0
kata_3219,0
kata_3220,0
kata_3221,0
kata_3222,0
kata_3223,0
kata_3224,0
kata_3225,0
kata_3226,0
kata_3227,0
kata_3228,0
kata_3229,0
kata_3230,0
kata_3231,0
kata_3232,0
kata_3233,0
kata_3234,0
kata_3235,0
kata_3236,0
kata_3237,0
kata_3238,0
kata_3239,0
kata_3240,0
kata_3241,0
kata_3242,0
kata_3243,0
kata_3244,0
kata_3245,0
kata_3246,0
kata_3247,0
kata_3248,0
kata_3249,0
kata_3250,0
kata_3251,0
kata_3252,0
kata_3253,0
kata_3254,0
kata_3255,0
kata_3256,0
kata_3257,0
kata_3258,0
kata_3259,0
kata_3260,0
kata_3261,0
kata_3262,0
kata_3263,0
kata_3264,0
kata_3265,0
kata_3266,0
kata_3267,0
kata_3268,0
kata_3269,0
kata_3270,0
kata_3271,0
kata_3272,0
kata_3273,0
kata_3274,0
kata_3275,0
kata_3276,0
kata_3277,0
kata_3278,0
kata_3279,0
kata_3280,0
kata_3281,0
kata_3282,0
kata_3283,0
kata_3284,0
kata_3285,0
kata_3286,0
kata_3287,0
kata_3288,0
kata_3289,0
kata_3290,0
kata_3291,0
kata_3292,0
kata_3293,0
kata_3294,0
kata_3295,0
kata_3296,0
kata_3297,0
kata_3298,0
kata_3299,0
kata_3300,0
kata_3301,0
kata_3302,0
kata_3303,0
kata_3304,0
kata_3305,0
kata_3306,0
kata_3307,0
kata_3308,0
kata_3309,0
kata_3310,0
kata_3311,0
kata_3312,0
kata_3313,0
kata_3314,0
kata_3315,0
kata_3316,0
kata_3317,0
kata_3318,0
kata_3319,0
kata_3320,0
kata_3321,0
kata_3322,0
kata_3323,0
kata_3324,0
kata_3325,0
kata_3326,0
kata_3327,0
kata_3328,0
kata_3329,0
kata_3330,0
kata_3331,0
kata_3332,0
kata_3333,0
kata_3334,0
kata_3335,0
kata_3336,0
kata_3337,0
kata_3338,0
kata_3339,0
kata_3340,0
kata_3341,0
kata_3342,0
kata_3343,0
kata_3344,0
kata_3345,0
kata_3346,0
kata_3347,0
kata_3348,0
kata_3349,0
kata_3350,0
kata_3351,0
kata_3352,0
kata_3353,0
kata_3354,0
kata_3355,0
kata_3356,0
kata_3357,0
kata_3358,0
kata_3359,0
kata_3360,0
kata_3361,0
kata_3362,0
kata_3363,0
kata_3364,0
kata_3365,0
kata_3366,0
kata_3367,0
kata_3368,0
kata_3369,0
kata_3370,0
kata_3371,0
kata_3372,0
kata_3373,0
kata_3374,0
kata_3375,0
kata_3376,0
kata_3377,0
kata_3378,0
kata_3379,0
kata_3380,0
kata_3381,0
kata_3382,0
kata_3383,0
kata_3384,0
kata_3385,0
kata_3386,0
kata_3387,0
kata_3388,0
kata_3389,0
kata_3390,0
kata_3391,0
kata_3392,0
kata_3393,0
kata_3394,0
kata_3395,0
kata_3396,0
kata_3397,0
kata_3398,0
kata_3399,0
kata_3400,0
kata_3401,0
kata_3402,0
kata_3403,0
kata_3404,0
kata_3405,0
kata_3406,0
kata_3407,0
kata_3408,0
kata_3409,0
kata_3410,0
kata_3411,0
kata_3412,0
kata_3413,0
kata_3414,0
kata_3415,0
kata_3416,0
kata_3417,0
kata_3418,0
kata_3419,0
kata_3420,0
kata_3421,0
kata_3422,0
kata_3423,0
kata_3424,0
kata_3425,0
kata_3426,0
kata_3427,0
kata_3428,0
kata_3429,0
kata_3430,0
kata_3431,0
kata_3432,0
kata_3433,0
kata_3434,0
kata_3435,0
kata_3436,0
kata_3437,0
kata_3438,0
kata_3439,0
kata_3440,0
kata_3441,0
kata_3442,0
kata_3443,0
kata_3444,0
kata_3445,0
kata_3446,0
kata_3447,0
kata_3448,0
kata_3449,0
kata_3450,0
kata_3451,0
kata_3452,0
kata_3453,0
kata_3454,0
kata_3455,0
kata_3456,0
kata_3457,0
kata_3458,0
kata_3459,0
kata_3460,0
kata_3461,0
kata_3462,0
kata_3463,0
kata_3464,0
kata_3465,0
kata_3466,0
kata_3467,0
kata_3468,0
kata_3469,0
kata_3470,0
kata_3471,0
kata_3472,0
kata_3473,0
kata_3474,0
kata_3475,0
kata_3476,0
kata_3477,0
kata_3478,0
kata_3479,0
kata_3480,0
kata_3481,0
kata_3482,0
kata_3483,0
kata_3484,0
kata_3485,0
kata_3486,0
kata_3487,0
kata_3488,0
kata_3489,0
kata_3490,0
kata_3491,0
kata_3492,0
kata_3493,0
kata_3494,0
kata_3495,0
kata_3496,0
kata_3497,0
kata_3498,0
kata_3499,0
kata_3500,0
kata_3501,0
kata_3502,0
kata_3503,0
kata_3504,0
kata_3505,0
kata_3506,0
kata_3507,0
kata_3508,0
kata_3509,0
kata_3510,0
kata_3511,0
kata_3512,0
kata_3513,0
kata_3514,0
kata_3515,0
kata_3516,0
kata_3517,0
kata_3518,0
kata_3519,0
kata_3520,0
kata_3521,0
kata_3522,0
kata_3523,0
kata_3524,0
kata_3525,0
kata_3526,0
kata_3527,0
kata_3528,0
kata_3529,0
kata_3530,0
kata_3531,0
kata_3532,0
kata_3533,0
kata_3534,0
kata_3535,0
kata_3536,0
kata_3537,0
kata_3538,0
kata_3539,0
kata_3540,0
kata_3541,0
kata_3542,0
kata_3543,0
kata_3544,0
kata_3545,0
kata_3546,0
kata_3547,0
kata_3548,0
kata_3549,0
kata_3550,0
kata_3551,0
kata_3552,0
kata_3553,0
kata_3554,0
kata_3555,0
kata_3556,0
kata_3557,0
kata_3558,0
kata_3559,0
kata_3560,0
kata_3561,0
kata_3562,0
kata_3563,0
kata_3564,0
kata_3565,0
kata_3566,0
kata_3567,0
kata_3568,0
kata_3569,0
kata_3570,0
kata_3571,0
kata_3572,0
kata_3573,0
kata_3574,0
kata_3575,0
kata_3576,0
kata_3577,0
kata_3578,0
kata_3579,0
kata_3580,0
kata_3581,0
kata_3582,0
kata_3583,0
kata_3584,0
kata_3585,0
kata_3586,0
kata_3587,0
kata_3588,0
kata_3589,0
kata_3590,0
kata_3591,0
kata_3592,0
kata_3593,0
kata_3594,0
kata_3595,0
kata_3596,0
kata_3597,0
kata_3598,0
kata_3599,0
kata_3600,0
kata_3601,0
kata_3602,0
kata_3603,0
kata_3604,0
kata_3605,0
kata_3606,0
kata_3607,0
kata_3608,0
kata_3609,0
kata_3610,0
kata_3611,0
kata_3612,0
kata_3613,0
kata_3614,0
kata_3615,0
kata_3616,0
kata_3617,0
kata_3618,0
kata_3619,0
kata_3620,0
kata_3621,0
kata_3622,0
kata_3623,0
kata_3624,0
kata_3625,0
kata_3626,0
kata_3627,0
kata_3628,0
kata_3629,0
kata_3630,0
kata_3631,0
kata_3632,0
kata_3633,0
kata_3634,0
kata_3635,0
kata_3636,0
kata_3637,0
kata_3638,0
kata_3639,0
kata_3640,0
kata_3641,0
kata_3642,0
kata_3643,0
kata_3644,0
kata_3645,0
kata_3646,0
kata_3647,0
kata_3648,0
kata_3649,0
kata_3650,0
kata_3651,0
kata_3652,0
kata_3653,0
kata_3654,0
kata_3655,0
kata_3656,0
kata_3657,0
kata_3658,0
kata_3659,0
kata_3660,0
kata_3661,0
kata_3662,0
kata_3663,0
kata_3664,0
kata_3665,0
kata_3666,0
kata_3667,0
kata_3668,0
kata_3669,0
kata_3670,0
kata_3671,0
kata_3672,0
kata_3673,0
kata_3674,0
kata_3675,0
kata_3676,0
kata_3677,0
kata_3678,0
kata_3679,0
kata_3680,0
kata_3681,0
kata_3682,0
kata_3683,0
kata_3684,0
kata_3685,0
kata_3686,0
kata_3687,0
kata_3688,0
kata_3689,0
kata_3690,0
kata_3691,0
kata_3692,0
kata_3693,0
kata_3694,0
kata_3695,0
kata_3696,0
kata_3697,0
kata_3698,0
kata_3699,0
kata_3700,0
kata_3701,0
kata_3702,0
kata_3703,0
kata_3704,0
kata_3705,0
kata_3706,0
kata_3707,0
kata_3708,0
kata_3709,0
kata_3710,0
kata_3711,0
kata_3712,0
kata_3713,0
kata_3714,0
kata_3715,0
kata_3716,0
kata_3717,0
kata_3718,0
kata_3719,0
kata_3720,0
kata_3721,0
kata_3722,0
kata_3723,0
kata_3724,0
kata_3725,0
kata_3726,0
kata_3727,0
kata_3728,0
kata_3729,0
kata_3730,0
kata_3731,0
kata_3732,0
kata_3733,0
kata_3734,0
kata_3735,0
kata_3736,0
kata_3737,0
kata_3738,0
kata_3739,0
kata_3740,0
kata_3741,0
kata_3742,0
kata_3743,0
kata_3744,0
kata_3745,0
kata_3746,0
kata_3747,0
kata_3748,0
kata_3749,0
kata_3750,0
kata_3751,0
kata_3752,0
kata_3753,0
kata_3754,0
kata_3755,0
kata_3756,0
kata_3757,0
kata_3758,0
kata_3759,0
kata_3760,0
kata_3761,0
kata_3762,0
kata_3763,0
kata_3764,0
kata_3765,0
kata_3766,0
kata_3767,0
kata_3768,0
kata_3769,0
kata_3770,0
kata_3771,0
kata_3772,0
kata_3773,0
kata_3774,0
kata_3775,0
kata_3776,0
kata_3777,0
kata_3778,0
kata_3779,0
kata_3780,0
kata_3781,0
kata_3782,0
kata_3783,0
kata_3784,0
kata_3785,0
kata_3786,0
kata_3787,0
kata_3788,0
kata_3789,0
kata_3790,0
kata_3791,0
kata_3792,0
kata_3793,0
kata_3794,0
kata_3795,0
kata_3796,0
kata_3797,0
kata_3798,0
kata_3799,0
kata_3800,0
kata_3801,0
kata_3802,0
kata_3803,0
kata_3804,0
kata_3805,0
kata_3806,0
kata_3807,0
kata_3808,0
kata_3809,0
kata_3810,0
kata_3811,0
kata_3812,0
kata_3813,0
kata_3814,0
kata_3815,0
kata_3816,0
kata_3817,0
kata_3818,0
kata_3819,0
kata_3820,0
kata_3821,0
kata_3822,0
kata_3823,0
kata_3824,0
kata_3825,0
kata_3826,0
kata_3827,0
kata_3828,0
kata_3829,0
kata_3830,0
kata_3831,0
kata_3832,0
kata_3833,0
kata_3834,0
kata_3835,0
kata_3836,0
kata_3837,0
kata_3838,0
kata_3839,0
kata_3840,0
kata_3841,0
kata_3842,0
kata_3843,0
kata_3844,0
kata_3845,0
kata_3846,0
kata_3847,0
kata_3848,0
kata_3849,0
kata_3850,0
kata_3851,0
kata_3852,0
kata_3853,0
kata_3854,0
kata_3855,0
kata_3856,0
kata_3857,0
kata_3858,0
kata_3859,0
kata_3860,0
kata_3861,0
kata_3862,0
kata_3863,0
kata_3864,0
kata_3865,0
kata_3866,0
kata_3867,0
kata_3868,0
kata_3869,0
kata_3870,0
kata_3871,0
kata_3872,0
kata_3873,0
kata_3874,0
kata_3875,0
kata_3876,0
kata_3877,0
kata_3878,0
kata_3879,0
kata_3880,0
kata_3881,0
kata_3882,0
kata_3883,0
kata_3884,0
kata_3885,0
kata_3886,0
kata_3887,0
kata_3888,0
kata_3889,0
kata_3890,0
kata_3891,0
kata_3892,0
kata_3893,0
kata_3894,0
kata_3895,0
kata_3896,0
kata_3897,0
kata_3898,0
kata_3899,0
kata_3900,0
kata_3901,0
kata_3902,0
kata_3903,0
kata_3904,0
kata_3905,0
kata_3906,0
kata_3907,0
kata_3908,0
kata_3909,0
kata_3910,0
kata_3911,0
kata_3912,0
kata_3913,0
kata_3914,0
kata_3915,0
kata_3916,0
kata_3917,0
kata_3918,0
kata_3919,0
kata_3920,0
kata_3921,0
kata_3922,0
kata_3923,0
kata_3924,0
kata_3925,0
kata_3926,0
kata_3927,0
kata_3928,0
kata_3929,0
kata_3930,0
kata_3931,0
kata_3932,0
kata_3933,0
kata_3934,0
kata_3935,0
kata_3936,0
kata_3937,0
kata_3938,0
kata_3939,0
kata_3940,0
kata_3941,0
kata_3942,0
kata_3943,0
kata_3944,0
kata_3945,0
kata_3946,0
kata_3947,0
kata_3948,0
kata_3949,0
kata_3950,0
kata_3951,0
kata_3952,0
kata_3953,0
kata_3954,0
kata_3955,0
kata_3956,0
kata_3957,0
kata_3958,0
kata_3959,0
kata_3960,0
kata_3961,0
kata_3962,0
kata_3963,0
kata_3964,0
kata_3965,0
kata_3966,0
kata_3967,0
kata_3968,0
kata_3969,0
kata_3970,0
kata_3971,0
kata_3972,0
kata_3973,0
kata_3974,0
kata_3975,0
kata_3976,0
kata_3977,0
kata_3978,0
kata_3979,0
kata_3980,0
kata_3981,0
kata_3982,0
kata_3983,0
kata_3984,0
kata_3985,0
kata_3986,0
kata_3987,0
kata_3988,0
kata_3989,0
kata_3990,0
kata_3991,0
kata_3992,0
kata_3993,0
kata_3994,0
kata_3995,0
kata_3996,0
kata_3997,0
kata_3998,0
kata_3999,0
kata_4000,0
kata_4001,0
kata_4002,0
kata_4003,0
kata_4004,0
kata_4005,0
kata_4006,0
kata_4007,0
kata_4008,0
kata_4009,0
kata_4010,0
kata_4011,0
kata_4012,0
kata_4013,0
kata_4014,0
kata_4015,0
kata_4016,0
kata_4017,0
kata_4018,0
kata_4019,0
kata_4020,0
kata_4021,0
kata_4022,0
kata_4023,0
kata_4024,0
kata_4025,0
kata_4026,0
kata_4027,0
kata_4028,0
kata_4029,0
kata_4030,0
kata_4031,0
kata_4032,0
kata_4033,0
kata_4034,0
kata_4035,0
kata_4036,0
kata_4037,0
kata_4038,0
kata_4039,0
kata_4040,0
kata_4041,0
kata_4042,0
kata_4043,0
kata_4044,0
kata_4045,0
kata_4046,0
kata_4047,0
kata_4048,0
kata_4049,0
kata_4050,0
kata_4051,0
kata_4052,0
kata_4053,0
kata_4054,0
kata_4055,0
kata_4056,0
kata_4057,0
kata_4058,0
kata_4059,0
kata_4060,0
kata_4061,0
kata_4062,0
kata_4063,0
kata_4064,0
kata_4065,0
kata_4066,0
kata_4067,0
kata_4068,0
kata_4069,0
kata_4070,0
kata_4071,0
kata_4072,0
kata_4073,0
kata_4074,0
kata_4075,0
kata_4076,0
kata_4077,0
kata_4078,0
kata_4079,0
kata_4080,0
kata_4081,0
kata_4082,0
kata_4083,0
kata_4084,0
kata_4085,0
kata_4086,0
kata_4087,0
kata_4088,0
kata_4089,0
kata_4090,0
kata_4091,0
kata_4092,0
kata_4093,0
kata_4094,0
kata_4095,0
kata_4096,0
kata_4097,0
kata_4098,0
kata_4099,0
kata_4100,0
kata_4101,0
kata_4102,0
kata_4103,0
kata_4104,0
kata_4105,0
kata_4106,0
kata_4107,0
kata_4108,0
kata_4109,0
kata_4110,0
kata_4111,0
kata_4112,0
kata_4113,0
kata_4114,0
kata_4115,0
kata_4116,0
kata_4117,0
kata_4118,0
kata_4119,0
kata_4120,0
kata_4121,0
kata_4122,0
kata_4123,0
kata_4124,0
kata_4125,0
kata_4126,0
kata_4127,0
kata_4128,0
kata_4129,0
kata_4130,0
kata_4131,0
kata_4132,0
kata_4133,0
kata_4134,0
kata_4135,0
kata_4136,0
kata_4137,0
kata_4138,0
kata_4139,0
kata_4140,0
kata_4141,0
kata_4142,0
kata_4143,0
kata_4144,0
kata_4145,0
kata_4146,0
kata_4147,0
kata_4148,0
kata_4149,0
kata_4150,0
kata_4151,0
kata_4152,0
kata_4153,0
kata_4154,0
kata_4155,0
kata_4156,0
kata_4157,0
kata_4158,0
kata_4159,0
kata_4160,0
kata_4161,0
kata_4162,0
kata_4163,0
kata_4164,0
kata_4165,0
kata_4166,0
kata_4167,0
kata_4168,0
kata_4169,0
kata_4170,0
kata_4171,0
kata_4172,0
kata_4173,0
kata_4174,0
kata_4175,0
kata_4176,0
kata_4177,0
kata_4178,0
kata_4179,0
kata_4180,0
kata_4181,0
kata_4182,0
kata_4183,0
kata_4184,0
kata_4185,0
kata_4186,0
kata_4187,0
kata_4188,0
kata_4189,0
kata_4190,0
kata_4191,0
kata_4192,0
kata_4193,0
kata_4194,0
kata_4195,0
kata_4196,0
kata_4197,0
kata_4198,0
kata_4199,0
kata_4200,0
kata_4201,0
kata_4202,0
kata_4203,0
kata_4204,0
kata_4205,0
kata_4206,0
kata_4207,0
kata_4208,0
kata_4209,0
kata_4210,0
kata_4211,0
kata_4212,0
kata_4213,0
kata_4214,0
kata_4215,0
kata_4216,0
kata_4217,0
kata_4218,0
kata_4219,0
kata_4220,0
kata_4221,0
kata_4222,0
kata_4223,0
kata_4224,0
kata_4225,0
kata_4226,0
kata_4227,0
kata_4228,0
kata_4229,0
kata_4230,0
kata_4231,0
kata_4232,0
kata_4233,0
kata_4234,0
kata_4235,0
kata_4236,0
kata_4237,0
kata_4238,0
kata_4239,0
kata_4240,0
kata_4241,0
kata_4242,0
kata_4243,0
kata_4244,0
kata_4245,0
kata_4246,0
kata_4247,0
kata_4248,0
kata_4249,0
kata_4250,0
kata_4251,0
kata_4252,0
kata_4253,0
kata_4254,0
kata_4255,0
kata_4256,0
kata_4257,0
kata_4258,0
kata_4259,0
kata_4260,0
kata_4261,0
kata_4262,0
kata_4263,0
kata_4264,0
kata_4265,0
kata_4266,0
kata_4267,0
kata_4268,0
kata_4269,0
kata_4270,0
kata_4271,0
kata_4272,0
kata_4273,0
kata_4274,0
kata_4275,0
kata_4276,0
kata_4277,0
kata_4278,0
kata_4279,0
kata_4280,0
kata_4281,0
kata_4282,0
kata_4283,0
kata_4284,0
kata_4285,0
kata_4286,0
kata_4287,0
kata_4288,0
kata_4289,0
kata_4290,0
kata_4291,0
kata_4292,0
kata_4293,0
kata_4294,0
kata_4295,0
kata_4296,0
kata_4297,0
kata_4298,0
kata_4299,0
kata_4300,0
kata_4301,0
kata_4302,0
kata_4303,0
kata_4304,0
kata_4305,0
kata_4306,0
kata_4307,0
kata_4308,0
kata_4309,0
kata_4310,0
kata_4311,0
kata_4312,0
kata_4313,0
kata_4314,0
kata_4315,0
kata_4316,0
kata_4317,0
kata_4318,0
kata_4319,0
kata_4320,0
kata_4321,0
kata_4322,0
kata_4323,0
kata_4324,0
kata_4325,0
kata_4326,0
kata_4327,0
kata_4328,0
kata_4329,0
kata_4330,0
kata_4331,0
kata_4332,0
kata_4333,0
kata_4334,0
kata_4335,0
kata_4336,0
kata_4337,0
kata_4338,0
kata_4339,0
kata_4340,0
kata_4341,0
kata_4342,0
kata_4343,0
kata_4344,0
kata_4345,0
kata_4346,0
kata_4347,0
kata_4348,0
kata_4349,0
kata_4350,0
kata_4351,0
kata_4352,0
kata_4353,0
kata_4354,0
kata_4355,0
kata_4356,0
kata_4357,0
kata_4358,0
kata_4359,0
kata_4360,0
kata_4361,0
kata_4362,0
kata_4363,0
kata_4364,0
kata_4365,0
kata_4366,0
kata_4367,0
kata_4368,0
kata_4369,0
kata_4370,0
kata_4371,0
kata_4372,0
kata_4373,0
kata_4374,0
kata_4375,0
kata_4376,0
kata_4377,0
kata_4378,0
kata_4379,0
kata_4380,0
kata_4381,0
kata_4382,0
kata_4383,0
kata_4384,0
kata_4385,0
kata_4386,0
kata_4387,0
kata_4388,0
kata_4389,0
kata_4390,0
kata_4391,0
kata_4392,0
kata_4393,0
kata_4394,0
kata_4395,0
kata_4396,0
kata_4397,0
kata_4398,0
kata_4399,0
kata_4400,0
kata_4401,0
kata_4402,0
kata_4403,0
kata_4404,0
kata_4405,0
kata_4406,0
kata_4407,0
kata_4408,0
kata_4409,0
kata_4410,0
kata_4411,0
kata_4412,0
kata_4413,0
kata_4414,0
kata_4415,0
kata_4416,0
kata_4417,0
kata_4418,0
kata_4419,0
kata_4420,0
kata_4421,0
kata_4422,0
kata_4423,0
kata_4424,0
kata_4425,0
kata_4426,0
kata_4427,0
kata_4428,0
kata_4429,0
kata_4430,0
kata_4431,0
kata_4432,0
kata_4433,0
kata_4434,0
kata_4435,0
kata_4436,0
kata_4437,0
kata_4438,0
kata_4439,0
kata_4440,0
kata_4441,0
kata_4442,0
kata_4443,0
kata_4444,0
kata_4445,0
kata_4446,0
kata_4447,0
kata_4448,0
kata_4449,0
kata_4450,0
kata_4451,0
kata_4452,0
kata_4453,0
kata_4454,0
kata_4455,0
kata_4456,0
kata_4457,0
kata_4458,0
kata_4459,0
kata_4460,0
kata_4461,0
kata_4462,0
kata_4463,0
kata_4464,0
kata_4465,0
kata_4466,0
kata_4467,0
kata_4468,0
kata_4469,0
kata_4470,0
kata_4471,0
kata_4472,0
kata_4473,0
kata_4474,0
kata_4475,0
kata_4476,0
kata_4477,0
kata_4478,0
kata_4479,0
kata_4480,0
kata_4481,0
kata_4482,0
kata_4483,0
kata_4484,0
kata_4485,0
kata_4486,0
kata_4487,0
kata_4488,0
kata_4489,0
kata_4490,0
kata_4491,0
kata_4492,0
kata_4493,0
kata_4494,0
kata_4495,0
kata_4496,0
kata_4497,0
kata_4498,0
kata_4499,0
kata_4500,0
kata_4501,0
kata_4502,0
kata_4503,0
kata_4504,0
kata_4505,0
kata_4506,0
kata_4507,0
kata_4508,0
kata_4509,0
kata_4510,0
kata_4511,0
kata_4512,0
kata_4513,0
kata_4514,0
kata_4515,0
kata_4516,0
kata_4517,0
kata_4518,0
kata_4519,0
kata_4520,0
kata_4521,0
kata_4522,0
kata_4523,0
kata_4524,0
kata_4525,0
kata_4526,0
kata_4527,0
kata_4528,0
kata_4529,0
kata_4530,0
kata_4531,0
kata_4532,0
kata_4533,0
kata_4534,0
kata_4535,0
kata_4536,0
kata_4537,0
kata_4538,0
kata_4539,0
kata_4540,0
kata_4541,0
kata_4542,0
kata_4543,0
kata_4544,0
kata_4545,0
kata_4546,0
kata_4547,0
kata_4548,0
kata_4549,0
kata_4550,0
kata_4551,0
kata_4552,0
kata_4553,0
kata_4554,0
kata_4555,0
kata_4556,0
kata_4557,0
kata_4558,0
kata_4559,0
kata_4560,0
kata_4561,0
kata_4562,0
kata_4563,0
kata_4564,0
kata_4565,0
kata_4566,0
kata_4567,0
kata_4568,0
kata_4569,0
kata_4570,0
kata_4571,0
kata_4572,0
kata_4573,0
kata_4574,0
kata_4575,0
kata_4576,0
kata_4577,0
kata_4578,0
kata_4579,0
kata_4580,0
kata_4581,0
kata_4582,0
kata_4583,0
kata_4584,0
kata_4585,0
kata_4586,0
kata_4587,0
kata_4588,0
kata_4589,0
kata_4590,0
kata_4591,0
kata_4592,0
kata_4593,0
kata_4594,0
kata_4595,0
kata_4596,0
kata_4597,0
kata_4598,0
kata_4599,0
kata_4600,0
kata_4601,0
kata_4602,0
kata_4603,0
kata_4604,0
kata_4605,0
kata_4606,0
kata_4607,0
kata_4608,0
kata_4609,0
kata_4610,0
kata_4611,0
kata_4612,0
kata_4613,0
kata_4614,0
kata_4615,0
kata_4616,0
kata_4617,0
kata_4618,0
kata_4619,0
kata_4620,0
kata_4621,0
kata_4622,0
kata_4623,0
kata_4624,0
kata_4625,0
kata_4626,0
kata_4627,0
kata_4628,0
kata_4629,0
kata_4630,0
kata_4631,0
kata_4632,0
kata_4633,0
kata_4634,0
kata_4635,0
kata_4636,0
kata_4637,0
kata_4638,0
kata_4639,0
kata_4640,0
kata_4641,0
kata_4642,0
kata_4643,0
kata_4644,0
kata_4645,0
kata_4646,0
kata_4647,0
kata_4648,0
kata_4649,0
kata_4650,0
kata_4651,0
kata_4652,0
kata_4653,0
kata_4654,0
kata_4655,0
kata_4656,0
kata_4657,0
kata_4658,0
kata_4659,0
kata_4660,0
kata_4661,0
kata_4662,0
kata_4663,0
kata_4664,0
kata_4665,0
kata_4666,0
kata_4667,0
kata_4668,0
kata_4669,0
kata_4670,0
kata_4671,0
kata_4672,0
kata_4673,0
kata_4674,0
kata_4675,0
kata_4676,0
kata_4677,0
kata_4678,0
kata_4679,0
kata_4680,0
kata_4681,0
kata_4682,0
kata_4683,0
kata_4684,0
kata_4685,0
kata_4686,0
kata_4687,0
kata_4688,0
kata_4689,0
kata_4690,0
kata_4691,0
kata_4692,0
kata_4693,0
kata_4694,0
kata_4695,0
kata_4696,0
kata_4697,0
kata_4698,0
kata_4699,0
kata_4700,0
kata_4701,0
kata_4702,0
kata_4703,0
kata_4704,0
kata_4705,0
kata_4706,0
kata_4707,0
kata_4708,0
kata_4709,0
kata_4710,0
kata_4711,0
kata_4712,0
kata_4713,0
kata_4714,0
kata_4715,0
kata_4716,0
kata_4717,0
kata_4718,0
kata_4719,0
kata_4720,0
kata_4721,0
kata_4722,0
kata_4723,0
kata_4724,0
kata_4725,0
kata_4726,0
kata_4727,0
kata_4728,0
kata_4729,0
kata_4730,0
kata_4731,0
kata_4732,0
kata_4733,0
kata_4734,0
kata_4735,0
kata_4736,0
kata_4737,0
kata_4738,0
kata_4739,0
kata_4740,0
kata_4741,0
kata_4742,0
kata_4743,0
kata_4744,0
kata_4745,0
kata_4746,0
kata_4747,0
kata_4748,0
kata_4749,0
kata_4750,0
kata_4751,0
kata_4752,0
kata_4753,0
kata_4754,0
kata_4755,0
kata_4756,0
kata_4757,0
kata_4758,0
kata_4759,0
kata_4760,0
kata_4761,0
kata_4762,0
kata_4763,0
kata_4764,0
kata_4765,0
kata_4766,0
kata_4767,0
kata_4768,0
kata_4769,0
kata_4770,0
kata_4771,0
kata_4772,0
kata_4773,0
kata_4774,0
kata_4775,0
kata_4776,0
kata_4777,0
kata_4778,0
kata_4779,0
kata_4780,0
kata_4781,0
kata_4782,0
kata_4783,0
kata_4784,0
kata_4785,0
kata_4786,0
kata_4787,0
kata_4788,0
kata_4789,0
kata_4790,0
kata_4791,0
kata_4792,0
kata_4793,0
kata_4794,0
kata_4795,0
kata_4796,0
kata_4797,0
kata_4798,0
kata_4799,0
kata_4800,0
kata_4801,0
kata_4802,0
kata_4803,0
kata_4804,0
kata_4805,0
kata_4806,0
kata_4807,0
kata_4808,0
kata_4809,0
kata_4810,0
kata_4811,0
kata_4812,0
kata_4813,0
kata_4814,0
kata_4815,0
kata_4816,0
kata_4817,0
kata_4818,0
kata_4819,0
kata_4820,0
kata_4821,0
kata_4822,0
kata_4823,0
kata_4824,0
kata_4825,0
kata_4826,0
kata_4827,0
kata_4828,0
kata_4829,0
kata_4830,0
kata_4831,0
kata_4832,0
kata_4833,0
kata_4834,0
kata_4835,0
kata_4836,0
kata_4837,0
kata_4838,0
kata_4839,0
kata_4840,0
kata_4841,0
kata_4842,0
kata_4843,0
kata_4844,0
kata_4845,0
kata_4846,0
kata_4847,0
kata_4848,0
kata_4849,0
kata_4850,0
kata_4851,0
kata_4852,0
kata_4853,0
kata_4854,0
kata_4855,0
kata_4856,0
kata_4857,0
kata_4858,0
kata_4859,0
kata_4860,0
kata_4861,0
kata_4862,0
kata_4863,0
kata_4864,0
kata_4865,0
kata_4866,0
kata_4867,0
kata_4868,0
kata_4869,0
kata_4870,0
kata_4871,0
kata_4872,0
kata_4873,0
kata_4874,0
kata_4875,0
kata_4876,0
kata_4877,0
kata_4878,0
kata_4879,0
kata_4880,0
kata_4881,0
kata_4882,0
kata_4883,0
kata_4884,0
kata_4885,0
kata_4886,0
kata_4887,0
kata_4888,0
kata_4889,0
kata_4890,0
kata_4891,0
kata_4892,0
kata_4893,0
kata_4894,0
kata_4895,0
kata_4896,0
kata_4897,0
kata_4898,0
kata_4899,0
kata_4900,0
kata_4901,0
kata_4902,0
kata_4903,0
kata_4904,0
kata_4905,0
kata_4906,0
kata_4907,0
kata_4908,0
kata_4909,0
kata_4910,0
kata_4911,0
kata_4912,0
kata_4913,0
kata_4914,0
kata_4915,0
kata_4916,0
kata_4917,0
kata_4918,0
kata_4919,0
kata_4920,0
kata_4921,0
kata_4922,0
kata_4923,0
kata_4924,0
kata_4925,0
kata_4926,0
kata_4927,0
kata_4928,0
kata_4929,0
kata_4930,0
kata_4931,0
kata_4932,0
kata_4933,0
kata_4934,0
kata_4935,0
kata_4936,0
kata_4937,0
kata_4938,0
kata_4939,0
kata_4940,0
kata_4941,0
kata_4942,0
kata_4943,0
kata_4944,0
kata_4945,0
kata_4946,0
kata_4947,0
kata_4948,0
kata_4949,0
kata_4950,0
kata_4951,0
kata_4952,0
kata_4953,0
kata_4954,0
kata_4955,0
kata_4956,0
kata_4957,0
kata_4958,0
kata_4959,0
kata_4960,0
kata_4961,0
kata_4962,0
kata_4963,0
kata_4964,0
kata_4965,0
kata_4966,0
kata_4967,0
kata_4968,0
kata_4969,0
kata_4970,0
kata_4971,0
kata_4972,0
kata_4973,0
kata_4974,0
kata_4975,0
kata_4976,0
kata_4977,0
kata_4978,0
kata_4979,0
kata_4980,0
kata_4981,0
kata_4982,0
kata_4983,0
kata_4984,0
kata_4985,0
kata_4986,0
kata_4987,0
kata_4988,0
kata_4989,0
kata_4990,0
kata_4991,0
kata_4992,0
kata_4993,0
kata_4994,0
kata_4995,0
kata_4996,0
kata_4997,0
kata_4998,0
kata_4999,0
kata_5000,0
kata_5001,0
kata_5002,0
kata_5003,0
kata_5004,0
kata_5005,0
kata_5006,0
kata_5007,0
kata_5008,0
kata_5009,0
kata_5010,0
kata_5011,0
kata_5012,0
kata_5013,0
kata_5014,0
kata_5015,0
kata_5016,0
kata_5017,0
kata_5018,0
kata_5019,0
kata_5020,0
kata_5021,0
kata_5022,0
kata_5023,0
kata_5024,0
kata_5025,0
kata_5026,0
kata_5027,0
kata_5028,0
kata_5029,0
kata_5030,0
kata_5031,0
kata_5032,0
kata_5033,0
kata_5034,0
kata_5035,0
kata_5036,0
kata_5037,0
kata_5038,0
kata_5039,0
kata_5040,0
kata_5041,0
kata_5042,0
kata_5043,0
kata_5044,0
kata_5045,0
kata_5046,0
kata_5047,0
kata_5048,0
kata_5049,0
kata_5050,0
kata_5051,0
kata_5052,0
kata_5053,0
kata_5054,0
kata_5055,0
kata_5056,0
kata_5057,0
kata_5058,0
kata_5059,0
kata_5060,0
kata_5061,0
kata_5062,0
kata_5063,0
kata_5064,0
kata_5065,0
kata_5066,0
kata_5067,0
kata_5068,0
kata_5069,0
kata_5070,0
kata_5071,0
kata_5072,0
kata_5073,0
kata_5074,0
kata_5075,0
kata_5076,0
kata_5077,0
kata_5078,0
kata_5079,0
kata_5080,0
kata_5081,0
kata_5082,0
kata_5083,0
kata_5084,0
kata_5085,0
kata_5086,0
kata_5087,0
kata_5088,0
kata_5089,0
kata_5090,0
kata_5091,0
kata_5092,0
kata_5093,0
kata_5094,0
kata_5095,0
kata_5096,0
kata_5097,0
kata_5098,0
kata_5099,0
kata_5100,0
kata_5101,0
kata_5102,0
kata_5103,0
kata_5104,0
kata_5105,0
kata_5106,0
kata_5107,0
kata_5108,0
kata_5109,0
kata_5110,0
kata_5111,0
kata_5112,0
kata_5113,0
kata_5114,0
kata_5115,0
kata_5116,0
kata_5117,0
kata_5118,0
kata_5119,0
kata_5120,0
kata_5121,0
kata_5122,0
kata_5123,0
kata_5124,0
kata_5125,0
kata_5126,0
kata_5127,0
kata_5128,0
kata_5129,0
kata_5130,0
kata_5131,0
kata_5132,0
kata_5133,0
kata_5134,0
kata_5135,0
kata_5136,0
kata_5137,0
kata_5138,0
kata_5139,0
kata_5140,0
kata_5141,0
kata_5142,0
kata_5143,0
kata_5144,0
kata_5145,0
kata_5146,0
kata_5147,0
kata_5148,0
kata_5149,0
kata_5150,0
kata_5151,0
kata_5152,0
kata_5153,0
kata_5154,0
kata_5155,0
kata_5156,0
kata_5157,0
kata_5158,0
kata_5159,0
kata_5160,0
kata_5161,0
kata_5162,0
kata_5163,0
kata_5164,0
kata_5165,0
kata_5166,0
kata_5167,0
kata_5168,0
kata_5169,0
kata_5170,0
kata_5171,0
kata_5172,0
kata_5173,0
kata_5174,0
kata_5175,0
kata_5176,0
kata_5177,0
kata_5178,0
kata_5179,0
kata_5180,0
kata_5181,0
kata_5182,0
kata_5183,0
kata_5184,0
kata_5185,0
kata_5186,0
kata_5187,0
kata_5188,0
kata_5189,0
kata_5190,0
kata_5191,0
kata_5192,0
kata_5193,0
kata_5194,0
kata_5195,0
kata_5196,0
kata_5197,0
kata_5198,0
kata_5199,0
kata_5200,0
kata_5201,0
kata_5202,0
kata_5203,0
kata_5204,0
kata_5205,0
kata_5206,0
kata_5207,0
kata_5208,0
kata_5209,0
kata_5210,0
kata_5211,0
kata_5212,0
kata_5213,0
kata_5214,0
kata_5215,0
kata_5216,0
kata_5217,0
kata_5218,0
kata_5219,0
kata_5220,0
kata_5221,0
kata_5222,0
kata_5223,0
kata_5224,0
kata_5225,0
kata_5226,0
kata_5227,0
kata_5228,0
kata_5229,0
kata_5230,0
kata_5231,0
kata_5232,0
kata_5233,0
kata_5234,0
kata_5235,0
kata_5236,0
kata_5237,0
kata_5238,0
kata_5239,0
kata_5240,0
kata_5241,0
kata_5242,0
kata_5243,0
kata_5244,0
kata_5245,0
kata_5246,0
kata_5247,0
kata_5248,0
kata_5249,0
kata_5250,0
kata_5251,0
kata_5252,0
kata_5253,0
kata_5254,0
kata_5255,0
kata_5256,0
kata_5257,0
kata_5258,0
kata_5259,0
kata_5260,0
kata_5261,0
kata_5262,0
kata_5263,0
kata_5264,0
kata_5265,0
kata_5266,0
kata_5267,0
kata_5268,0
kata_5269,0
kata_5270,0
kata_5271,0
kata_5272,0
kata_5273,0
kata_5274,0
kata_5275,0
kata_5276,0
kata_5277,0
kata_5278,0
kata_5279,0
kata_5280,0
kata_5281,0
kata_5282,0
kata_5283,0
kata_5284,0
kata_5285,0
kata_5286,0
kata_5287,0
kata_5288,0
kata_5289,0
kata_5290,0
kata_5291,0
kata_5292,0
kata_5293,0
kata_5294,0
kata_5295,0
kata_5296,0
kata_5297,0
kata_5298,0
kata_5299,0
kata_5300,0
kata_5301,0
kata_5302,0
kata_5303,0
kata_5304,0
kata_5305,0
kata_5306,0
kata_5307,0
kata_5308,0
kata_5309,0
kata_5310,0
kata_5311,0
kata_5312,0
kata_5313,0
kata_5314,0
kata_5315,0
kata_5316,0
kata_5317,0
kata_5318,0
kata_5319,0
kata_5320,0
kata_5321,0
kata_5322,0
kata_5323,0
kata_5324,0
kata_5325,0
kata_5326,0
kata_5327,0
kata_5328,0
kata_5329,0
kata_5330,0
kata_5331,0
kata_5332,0
kata_5333,0
kata_5334,0
kata_5335,0
kata_5336,0
kata_5337,0
kata_5338,0
kata_5339,0
kata_5340,0
kata_5341,0
kata_5342,0
kata_5343,0
kata_5344,0
kata_5345,0
kata_5346,0
kata_5347,0
kata_5348,0
kata_5349,0
kata_5350,0
kata_5351,0
kata_5352,0
kata_5353,0
kata_5354,0
kata_5355,0
kata_5356,0
kata_5357,0
kata_5358,0
kata_5359,0
kata_5360,0
kata_5361,0
kata_5362,0
kata_5363,0
kata_5364,0
kata_5365,0
kata_5366,0
kata_5367,0
kata_5368,0
kata_5369,0
kata_5370,0
kata_5371,0
kata_5372,0
kata_5373,0
kata_5374,0
kata_5375,0
kata_5376,0
kata_5377,0
kata_5378,0
kata_5379,0
kata_5380,0
kata_5381,0
kata_5382,0
kata_5383,0
kata_5384,0
kata_5385,0
kata_5386,0
kata_5387,0
kata_5388,0
kata_5389,0
kata_5390,0
kata_5391,0
kata_5392,0
kata_5393,0
kata_5394,0
kata_5395,0
kata_5396,0
kata_5397,0
kata_5398,0
kata_5399,0
kata_5400,0
kata_5401,0
kata_5402,0
kata_5403,0
kata_5404,0
kata_5405,0
kata_5406,0
kata_5407,0
kata_5408,0
kata_5409,0
kata_5410,0
kata_5411,0
kata_5412,0
kata_5413,0
kata_5414,0
kata_5415,0
kata_5416,0
kata_5417,0
kata_5418,0
kata_5419,0
kata_5420,0
kata_5421,0
kata_5422,0
kata_5423,0
kata_5424,0
kata_5425,0
kata_5426,0
kata_5427,0
kata_5428,0
kata_5429,0
kata_5430,0
kata_5431,0
kata_5432,0
kata_5433,0
kata_5434,0
kata_5435,0
kata_5436,0
kata_5437,0
kata_5438,0
kata_5439,0
kata_5440,0
kata_5441,0
kata_5442,0
kata_5443,0
kata_5444,0
kata_5445,0
kata_5446,0
kata_5447,0
kata_5448,0
kata_5449,0
kata_5450,0
kata_5451,0
kata_5452,0
kata_5453,0
kata_5454,0
kata_5455,0
kata_5456,0
kata_5457,0
kata_5458,0
kata_5459,0
kata_5460,0
kata_5461,0
kata_5462,0
kata_5463,0
kata_5464,0
kata_5465,0
kata_5466,0
kata_5467,0
kata_5468,0
kata_5469,0
kata_5470,0
kata_5471,0
kata_5472,0
kata_5473,0
kata_5474,0
kata_5475,0
kata_5476,0
kata_5477,0
kata_5478,0
kata_5479,0
kata_5480,0
kata_5481,0
kata_5482,0
kata_5483,0
kata_5484,0
kata_5485,0
kata_5486,0
kata_5487,0
kata_5488,0
kata_5489,0
kata_5490,0
kata_5491,0
kata_5492,0
kata_5493,0
kata_5494,0
kata_5495,0
kata_5496,0
kata_5497,0
kata_5498,0
kata_5499,0
kata_5500,0
kata_5501,0
kata_5502,0
kata_5503,0
kata_5504,0
kata_5505,0
kata_5506,0
kata_5507,0
kata_5508,0
kata_5509,0
kata_5510,0
kata_5511,0
kata_5512,0
kata_5513,0
kata_5514,0
kata_5515,0
kata_5516,0
kata_5517,0
kata_5518,0
kata_5519,0
kata_5520,0
kata_5521,0
kata_5522,0
kata_5523,0
kata_5524,0
kata_5525,0
kata_5526,0
kata_5527,0
kata_5528,0
kata_5529,0
kata_5530,0
kata_5531,0
kata_5532,0
kata_5533,0
kata_5534,0
kata_5535,0
kata_5536,0
kata_5537,0
kata_5538,0
kata_5539,0
kata_5540,0
kata_5541,0
kata_5542,0
kata_5543,0
kata_5544,0
kata_5545,0
kata_5546,0
kata_5547,0
kata_5548,0
kata_5549,0
kata_5550,0
kata_5551,0
kata_5552,0
kata_5553,0
kata_5554,0
kata_5555,0
kata_5556,0
kata_5557,0
kata_5558,0
kata_5559,0
kata_5560,0
kata_5561,0
kata_5562,0
kata_5563,0
kata_5564,0
kata_5565,0
kata_5566,0
kata_5567,0
kata_5568,0
kata_5569,0
kata_5570,0
kata_5571,0
kata_5572,0
kata_5573,0
kata_5574,0
kata_5575,0
kata_5576,0
kata_5577,0
kata_5578,0
kata_5579,0
kata_5580,0
kata_5581,0
kata_5582,0
kata_5583,0
kata_5584,0
kata_5585,0
kata_5586,0
kata_5587,0
kata_5588,0
kata_5589,0
kata_5590,0
kata_5591,0
kata_5592,0
kata_5593,0
kata_5594,0
kata_5595,0
kata_5596,0
kata_5597,0
kata_5598,0
kata_5599,0
kata_5600,0
kata_5601,0
kata_5602,0
kata_5603,0
kata_5604,0
kata_5605,0
kata_5606,0
kata_5607,0
kata_5608,0
kata_5609,0
kata_5610,0
kata_5611,0
kata_5612,0
kata_5613,0
kata_5614,0
kata_5615,0
kata_5616,0
kata_5617,0
kata_5618,0
kata_5619,0
kata_5620,0
kata_5621,0
kata_5622,0
kata_5623,0
kata_5624,0
kata_5625,0
kata_5626,0
kata_5627,0
kata_5628,0
kata_5629,0
kata_5630,0
kata_5631,0
kata_5632,0
kata_5633,0
kata_5634,0
kata_5635,0
kata_5636,0
kata_5637,0
kata_5638,0
kata_5639,0
kata_5640,0
kata_5641,0
kata_5642,0
kata_5643,0
kata_5644,0
kata_5645,0
kata_5646,0
kata_5647,0
kata_5648,0
kata_5649,0
kata_5650,0
kata_5651,0
kata_5652,0
kata_5653,0
kata_5654,0
kata_5655,0
kata_5656,0
kata_5657,0
kata_5658,0
kata_5659,0
kata_5660,0
kata_5661,0
kata_5662,0
kata_5663,0
kata_5664,0
kata_5665,0
kata_5666,0
kata_5667,0
kata_5668,0
kata_5669,0
kata_5670,0
kata_5671,0
kata_5672,0
kata_5673,0
kata_5674,0
kata_5675,0
kata_5676,0
kata_5677,0
kata_5678,0
kata_5679,0
kata_5680,0
kata_5681,0
kata_5682,0
kata_5683,0
kata_5684,0
kata_5685,0
kata_5686,0
kata_5687,0
kata_5688,0
kata_5689,0
kata_5690,0
kata_5691,0
kata_5692,0
kata_5693,0
kata_5694,0
kata_5695,0
kata_5696,0
kata_5697,0
kata_5698,0
kata_5699,0
kata_5700,0
kata_5701,0
kata_5702,0
kata_5703,0
kata_5704,0
kata_5705,0
kata_5706,0
kata_5707,0
kata_5708,0
kata_5709,0
kata_5710,0
kata_5711,0
kata_5712,0
kata_5713,0
kata_5714,0
kata_5715,0
kata_5716,0
kata_5717,0
kata_5718,0
kata_5719,0
kata_5720,0
kata_5721,0
kata_5722,0
kata_5723,0
kata_5724,0
kata_5725,0
kata_5726,0
kata_5727,0
kata_5728,0
kata_5729,0
kata_5730,0
kata_5731,0
kata_5732,0
kata_5733,0
kata_5734,0
kata_5735,0
kata_5736,0
kata_5737,0
kata_5738,0
kata_5739,0
kata_5740,0
kata_5741,0
kata_5742,0
kata_5743,0
kata_5744,0
kata_5745,0
kata_5746,0
kata_5747,0
kata_5748,0
kata_5749,0
kata_5750,0
kata_5751,0
kata_5752,0
kata_5753,0
kata_5754,0
kata_5755,0
kata_5756,0
kata_5757,0
kata_5758,0
kata_5759,0
kata_5760,0
kata_5761,0
kata_5762,0
kata_5763,0
kata_5764,0
kata_5765,0
kata_5766,0
kata_5767,0
kata_5768,0
kata_5769,0
kata_5770,0
kata_5771,0
kata_5772,0
kata_5773,0
kata_5774,0
kata_5775,0
kata_5776,0
kata_5777,0
kata_5778,0
kata_5779,0
kata_5780,0
kata_5781,0
kata_5782,0
kata_5783,0
kata_5784,0
kata_5785,0
kata_5786,0
kata_5787,0
kata_5788,0
kata_5789,0
kata_5790,0
kata_5791,0
kata_5792,0
kata_5793,0
kata_5794,0
kata_5795,0
kata_5796,0
kata_5797,0
kata_5798,0
kata_5799,0
kata_5800,0
kata_5801,0
kata_5802,0
kata_5803,0
kata_5804,0
kata_5805,0
kata_5806,0
kata_5807,0
kata_5808,0
kata_5809,0
kata_5810,0
kata_5811,0
kata_5812,0
kata_5813,0
kata_5814,0
kata_5815,0
kata_5816,0
kata_5817,0
kata_5818,0
kata_5819,0
kata_5820,0
kata_5821,0
kata_5822,0
kata_5823,0
kata_5824,0
kata_5825,0
kata_5826,0
kata_5827,0
kata_5828,0
kata_5829,0
kata_5830,0
kata_5831,0
kata_5832,0
kata_5833,0
kata_5834,0
kata_5835,0
kata_5836,0
kata_5837,0
kata_5838,0
kata_5839,0
kata_5840,0
kata_5841,0
kata_5842,0
kata_5843,0
kata_5844,0
kata_5845,0
kata_5846,0
kata_5847,0
kata_5848,0
kata_5849,0
kata_5850,0
kata_5851,0
kata_5852,0
kata_5853,0
kata_5854,0
kata_5855,0
kata_5856,0
kata_5857,0
kata_5858,0
kata_5859,0
kata_5860,0
kata_5861,0
kata_5862,0
kata_5863,0
kata_5864,0
kata_5865,0
kata_5866,0
kata_5867,0
kata_5868,0
kata_5869,0
kata_5870,0
kata_5871,0
kata_5872,0
kata_5873,0
kata_5874,0
kata_5875,0
kata_5876,0
kata_5877,0
kata_5878,0
kata_5879,0
kata_5880,0
kata_5881,0
kata_5882,0
kata_5883,0
kata_5884,0
kata_5885,0
kata_5886,0
kata_5887,0
kata_5888,0
kata_5889,0
kata_5890,0
kata_5891,0
kata_5892,0
kata_5893,0
kata_5894,0
kata_5895,0
kata_5896,0
kata_5897,0
kata_5898,0
kata_5899,0
kata_5900,0
kata_5901,0
kata_5902,0
kata_5903,0
kata_5904,0
kata_5905,0
kata_5906,0
kata_5907,0
kata_5908,0
kata_5909,0
kata_5910,0
kata_5911,0
kata_5912,0
kata_5913,0
kata_5914,0
kata_5915,0
kata_5916,0
kata_5917,0
kata_5918,0
kata_5919,0
kata_5920,0
kata_5921,0
kata_5922,0
kata_5923,0
kata_5924,0
kata_5925,0
kata_5926,0
kata_5927,0
kata_5928,0
kata_5929,0
kata_5930,0
kata_5931,0
kata_5932,0
kata_5933,0
kata_5934,0
kata_5935,0
kata_5936,0
kata_5937,0
kata_5938,0
kata_5939,0
kata_5940,0
kata_5941,0
kata_5942,0
kata_5943,0
kata_5944,0
kata_5945,0
kata_5946,0
kata_5947,0
kata_5948,0
kata_5949,0
kata_5950,0
kata_5951,0
kata_5952,0
kata_5953,0
kata_5954,0
kata_5955,0
kata_5956,0
kata_5957,0
kata_5958,0
kata_5959,0
kata_5960,0
kata_5961,0
kata_5962,0
kata_5963,0
kata_5964,0
kata_5965,0
kata_5966,0
kata_5967,0
kata_5968,0
kata_5969,0
kata_5970,0
kata_5971,0
kata_5972,0
kata_5973,0
kata_5974,0
kata_5975,0
kata_5976,0
kata_5977,0
kata_5978,0
kata_5979,0
kata_5980,0
kata_5981,0
kata_5982,0
kata_5983,0
kata_5984,0
kata_5985,0
kata_5986,0
kata_5987,0
kata_5988,0
kata_5989,0
kata_5990,0
kata_5991,0
kata_5992,0
kata_5993,0
kata_5994,0
kata_5995,0
kata_5996,0
kata_5997,0
kata_5998,0
kata_5999,0
